date_id,full_date,day_name,day_of_week,day_of_month,day_of_year,week_of_year,month,month_name,month_year,quarter,year,fiscal_year,fiscal_quarter,fiscal_period,is_weekend,is_holiday,holiday_name,is_business_day,is_month_end,is_quarter_end,is_year_end,is_fiscal_year_end
20230101,2023-01-01,Sunday,7,1,1,52,1,January,January 2023,1,2023,2022,4,FY22-Q4,True,True,New Year's Day,False,False,False,False,False
20230102,2023-01-02,Monday,1,2,2,1,1,January,January 2023,1,2023,2022,4,FY22-Q4,False,True,New Year's Day (observed),False,False,False,False,False
20230103,2023-01-03,Tuesday,2,3,3,1,1,January,January 2023,1,2023,2022,4,FY22-Q4,False,False,,True,False,False,False,False
20230104,2023-01-04,Wednesday,3,4,4,1,1,January,January 2023,1,2023,2022,4,FY22-Q4,False,False,,True,False,False,False,False
20230105,2023-01-05,Thursday,4,5,5,1,1,January,January 2023,1,2023,2022,4,FY22-Q4,False,False,,True,False,False,False,False
20230106,2023-01-06,Friday,5,6,6,1,1,January,January 2023,1,2023,2022,4,FY22-Q4,False,False,,True,False,False,False,False
20230107,2023-01-07,Saturday,6,7,7,1,1,January,January 2023,1,2023,2022,4,FY22-Q4,True,False,,False,False,False,False,False
20230108,2023-01-08,Sunday,7,8,8,1,1,January,January 2023,1,2023,2022,4,FY22-Q4,True,False,,False,False,False,False,False
20230109,2023-01-09,Monday,1,9,9,2,1,January,January 2023,1,2023,2022,4,FY22-Q4,False,False,,True,False,False,False,False
20230110,2023-01-10,Tuesday,2,10,10,2,1,January,January 2023,1,2023,2022,4,FY22-Q4,False,False,,True,False,False,False,False
20230111,2023-01-11,Wednesday,3,11,11,2,1,January,January 2023,1,2023,2022,4,FY22-Q4,False,False,,True,False,False,False,False
20230112,2023-01-12,Thursday,4,12,12,2,1,January,January 2023,1,2023,2022,4,FY22-Q4,False,False,,True,False,False,False,False
20230113,2023-01-13,Friday,5,13,13,2,1,January,January 2023,1,2023,2022,4,FY22-Q4,False,False,,True,False,False,False,False
20230114,2023-01-14,Saturday,6,14,14,2,1,January,January 2023,1,2023,2022,4,FY22-Q4,True,False,,False,False,False,False,False
20230115,2023-01-15,Sunday,7,15,15,2,1,January,January 2023,1,2023,2022,4,FY22-Q4,True,False,,False,False,False,False,False
20230116,2023-01-16,Monday,1,16,16,3,1,January,January 2023,1,2023,2022,4,FY22-Q4,False,False,,True,False,False,False,False
20230117,2023-01-17,Tuesday,2,17,17,3,1,January,January 2023,1,2023,2022,4,FY22-Q4,False,False,,True,False,False,False,False
20230118,2023-01-18,Wednesday,3,18,18,3,1,January,January 2023,1,2023,2022,4,FY22-Q4,False,False,,True,False,False,False,False
20230119,2023-01-19,Thursday,4,19,19,3,1,January,January 2023,1,2023,2022,4,FY22-Q4,False,False,,True,False,False,False,False
20230120,2023-01-20,Friday,5,20,20,3,1,January,January 2023,1,2023,2022,4,FY22-Q4,False,False,,True,False,False,False,False
20230121,2023-01-21,Saturday,6,21,21,3,1,January,January 2023,1,2023,2022,4,FY22-Q4,True,False,,False,False,False,False,False
20230122,2023-01-22,Sunday,7,22,22,3,1,January,January 2023,1,2023,2022,4,FY22-Q4,True,False,,False,False,False,False,False
20230123,2023-01-23,Monday,1,23,23,4,1,January,January 2023,1,2023,2022,4,FY22-Q4,False,False,,True,False,False,False,False
20230124,2023-01-24,Tuesday,2,24,24,4,1,January,January 2023,1,2023,2022,4,FY22-Q4,False,False,,True,False,False,False,False
20230125,2023-01-25,Wednesday,3,25,25,4,1,January,January 2023,1,2023,2022,4,FY22-Q4,False,False,,True,False,False,False,False
20230126,2023-01-26,Thursday,4,26,26,4,1,January,January 2023,1,2023,2022,4,FY22-Q4,False,False,,True,False,False,False,False
20230127,2023-01-27,Friday,5,27,27,4,1,January,January 2023,1,2023,2022,4,FY22-Q4,False,False,,True,False,False,False,False
20230128,2023-01-28,Saturday,6,28,28,4,1,January,January 2023,1,2023,2022,4,FY22-Q4,True,False,,False,False,False,False,False
20230129,2023-01-29,Sunday,7,29,29,4,1,January,January 2023,1,2023,2022,4,FY22-Q4,True,False,,False,False,False,False,False
20230130,2023-01-30,Monday,1,30,30,5,1,January,January 2023,1,2023,2022,4,FY22-Q4,False,False,,True,False,False,False,False
20230131,2023-01-31,Tuesday,2,31,31,5,1,January,January 2023,1,2023,2022,4,FY22-Q4,False,False,,True,True,False,False,False
20230201,2023-02-01,Wednesday,3,1,32,5,2,February,February 2023,1,2023,2022,4,FY22-Q4,False,False,,True,False,False,False,False
20230202,2023-02-02,Thursday,4,2,33,5,2,February,February 2023,1,2023,2022,4,FY22-Q4,False,False,,True,False,False,False,False
20230203,2023-02-03,Friday,5,3,34,5,2,February,February 2023,1,2023,2022,4,FY22-Q4,False,False,,True,False,False,False,False
20230204,2023-02-04,Saturday,6,4,35,5,2,February,February 2023,1,2023,2022,4,FY22-Q4,True,False,,False,False,False,False,False
20230205,2023-02-05,Sunday,7,5,36,5,2,February,February 2023,1,2023,2022,4,FY22-Q4,True,False,,False,False,False,False,False
20230206,2023-02-06,Monday,1,6,37,6,2,February,February 2023,1,2023,2022,4,FY22-Q4,False,False,,True,False,False,False,False
20230207,2023-02-07,Tuesday,2,7,38,6,2,February,February 2023,1,2023,2022,4,FY22-Q4,False,False,,True,False,False,False,False
20230208,2023-02-08,Wednesday,3,8,39,6,2,February,February 2023,1,2023,2022,4,FY22-Q4,False,False,,True,False,False,False,False
20230209,2023-02-09,Thursday,4,9,40,6,2,February,February 2023,1,2023,2022,4,FY22-Q4,False,False,,True,False,False,False,False
20230210,2023-02-10,Friday,5,10,41,6,2,February,February 2023,1,2023,2022,4,FY22-Q4,False,False,,True,False,False,False,False
20230211,2023-02-11,Saturday,6,11,42,6,2,February,February 2023,1,2023,2022,4,FY22-Q4,True,False,,False,False,False,False,False
20230212,2023-02-12,Sunday,7,12,43,6,2,February,February 2023,1,2023,2022,4,FY22-Q4,True,False,,False,False,False,False,False
20230213,2023-02-13,Monday,1,13,44,7,2,February,February 2023,1,2023,2022,4,FY22-Q4,False,False,,True,False,False,False,False
20230214,2023-02-14,Tuesday,2,14,45,7,2,February,February 2023,1,2023,2022,4,FY22-Q4,False,False,,True,False,False,False,False
20230215,2023-02-15,Wednesday,3,15,46,7,2,February,February 2023,1,2023,2022,4,FY22-Q4,False,False,,True,False,False,False,False
20230216,2023-02-16,Thursday,4,16,47,7,2,February,February 2023,1,2023,2022,4,FY22-Q4,False,False,,True,False,False,False,False
20230217,2023-02-17,Friday,5,17,48,7,2,February,February 2023,1,2023,2022,4,FY22-Q4,False,False,,True,False,False,False,False
20230218,2023-02-18,Saturday,6,18,49,7,2,February,February 2023,1,2023,2022,4,FY22-Q4,True,False,,False,False,False,False,False
20230219,2023-02-19,Sunday,7,19,50,7,2,February,February 2023,1,2023,2022,4,FY22-Q4,True,False,,False,False,False,False,False
20230220,2023-02-20,Monday,1,20,51,8,2,February,February 2023,1,2023,2022,4,FY22-Q4,False,False,,True,False,False,False,False
20230221,2023-02-21,Tuesday,2,21,52,8,2,February,February 2023,1,2023,2022,4,FY22-Q4,False,False,,True,False,False,False,False
20230222,2023-02-22,Wednesday,3,22,53,8,2,February,February 2023,1,2023,2022,4,FY22-Q4,False,False,,True,False,False,False,False
20230223,2023-02-23,Thursday,4,23,54,8,2,February,February 2023,1,2023,2022,4,FY22-Q4,False,False,,True,False,False,False,False
20230224,2023-02-24,Friday,5,24,55,8,2,February,February 2023,1,2023,2022,4,FY22-Q4,False,False,,True,False,False,False,False
20230225,2023-02-25,Saturday,6,25,56,8,2,February,February 2023,1,2023,2022,4,FY22-Q4,True,False,,False,False,False,False,False
20230226,2023-02-26,Sunday,7,26,57,8,2,February,February 2023,1,2023,2022,4,FY22-Q4,True,False,,False,False,False,False,False
20230227,2023-02-27,Monday,1,27,58,9,2,February,February 2023,1,2023,2022,4,FY22-Q4,False,False,,True,False,False,False,False
20230228,2023-02-28,Tuesday,2,28,59,9,2,February,February 2023,1,2023,2022,4,FY22-Q4,False,False,,True,True,False,False,False
20230301,2023-03-01,Wednesday,3,1,60,9,3,March,March 2023,1,2023,2022,4,FY22-Q4,False,False,,True,False,False,False,False
20230302,2023-03-02,Thursday,4,2,61,9,3,March,March 2023,1,2023,2022,4,FY22-Q4,False,False,,True,False,False,False,False
20230303,2023-03-03,Friday,5,3,62,9,3,March,March 2023,1,2023,2022,4,FY22-Q4,False,False,,True,False,False,False,False
20230304,2023-03-04,Saturday,6,4,63,9,3,March,March 2023,1,2023,2022,4,FY22-Q4,True,False,,False,False,False,False,False
20230305,2023-03-05,Sunday,7,5,64,9,3,March,March 2023,1,2023,2022,4,FY22-Q4,True,False,,False,False,False,False,False
20230306,2023-03-06,Monday,1,6,65,10,3,March,March 2023,1,2023,2022,4,FY22-Q4,False,False,,True,False,False,False,False
20230307,2023-03-07,Tuesday,2,7,66,10,3,March,March 2023,1,2023,2022,4,FY22-Q4,False,False,,True,False,False,False,False
20230308,2023-03-08,Wednesday,3,8,67,10,3,March,March 2023,1,2023,2022,4,FY22-Q4,False,False,,True,False,False,False,False
20230309,2023-03-09,Thursday,4,9,68,10,3,March,March 2023,1,2023,2022,4,FY22-Q4,False,False,,True,False,False,False,False
20230310,2023-03-10,Friday,5,10,69,10,3,March,March 2023,1,2023,2022,4,FY22-Q4,False,False,,True,False,False,False,False
20230311,2023-03-11,Saturday,6,11,70,10,3,March,March 2023,1,2023,2022,4,FY22-Q4,True,False,,False,False,False,False,False
20230312,2023-03-12,Sunday,7,12,71,10,3,March,March 2023,1,2023,2022,4,FY22-Q4,True,False,,False,False,False,False,False
20230313,2023-03-13,Monday,1,13,72,11,3,March,March 2023,1,2023,2022,4,FY22-Q4,False,False,,True,False,False,False,False
20230314,2023-03-14,Tuesday,2,14,73,11,3,March,March 2023,1,2023,2022,4,FY22-Q4,False,False,,True,False,False,False,False
20230315,2023-03-15,Wednesday,3,15,74,11,3,March,March 2023,1,2023,2022,4,FY22-Q4,False,False,,True,False,False,False,False
20230316,2023-03-16,Thursday,4,16,75,11,3,March,March 2023,1,2023,2022,4,FY22-Q4,False,False,,True,False,False,False,False
20230317,2023-03-17,Friday,5,17,76,11,3,March,March 2023,1,2023,2022,4,FY22-Q4,False,False,,True,False,False,False,False
20230318,2023-03-18,Saturday,6,18,77,11,3,March,March 2023,1,2023,2022,4,FY22-Q4,True,False,,False,False,False,False,False
20230319,2023-03-19,Sunday,7,19,78,11,3,March,March 2023,1,2023,2022,4,FY22-Q4,True,False,,False,False,False,False,False
20230320,2023-03-20,Monday,1,20,79,12,3,March,March 2023,1,2023,2022,4,FY22-Q4,False,False,,True,False,False,False,False
20230321,2023-03-21,Tuesday,2,21,80,12,3,March,March 2023,1,2023,2022,4,FY22-Q4,False,True,Human Rights Day,False,False,False,False,False
20230322,2023-03-22,Wednesday,3,22,81,12,3,March,March 2023,1,2023,2022,4,FY22-Q4,False,False,,True,False,False,False,False
20230323,2023-03-23,Thursday,4,23,82,12,3,March,March 2023,1,2023,2022,4,FY22-Q4,False,False,,True,False,False,False,False
20230324,2023-03-24,Friday,5,24,83,12,3,March,March 2023,1,2023,2022,4,FY22-Q4,False,False,,True,False,False,False,False
20230325,2023-03-25,Saturday,6,25,84,12,3,March,March 2023,1,2023,2022,4,FY22-Q4,True,False,,False,False,False,False,False
20230326,2023-03-26,Sunday,7,26,85,12,3,March,March 2023,1,2023,2022,4,FY22-Q4,True,False,,False,False,False,False,False
20230327,2023-03-27,Monday,1,27,86,13,3,March,March 2023,1,2023,2022,4,FY22-Q4,False,False,,True,False,False,False,False
20230328,2023-03-28,Tuesday,2,28,87,13,3,March,March 2023,1,2023,2022,4,FY22-Q4,False,False,,True,False,False,False,False
20230329,2023-03-29,Wednesday,3,29,88,13,3,March,March 2023,1,2023,2022,4,FY22-Q4,False,False,,True,False,False,False,False
20230330,2023-03-30,Thursday,4,30,89,13,3,March,March 2023,1,2023,2022,4,FY22-Q4,False,False,,True,False,False,False,False
20230331,2023-03-31,Friday,5,31,90,13,3,March,March 2023,1,2023,2022,4,FY22-Q4,False,False,,True,True,True,False,True
20230401,2023-04-01,Saturday,6,1,91,13,4,April,April 2023,2,2023,2023,1,FY23-Q1,True,False,,False,False,False,False,False
20230402,2023-04-02,Sunday,7,2,92,13,4,April,April 2023,2,2023,2023,1,FY23-Q1,True,False,,False,False,False,False,False
20230403,2023-04-03,Monday,1,3,93,14,4,April,April 2023,2,2023,2023,1,FY23-Q1,False,False,,True,False,False,False,False
20230404,2023-04-04,Tuesday,2,4,94,14,4,April,April 2023,2,2023,2023,1,FY23-Q1,False,False,,True,False,False,False,False
20230405,2023-04-05,Wednesday,3,5,95,14,4,April,April 2023,2,2023,2023,1,FY23-Q1,False,False,,True,False,False,False,False
20230406,2023-04-06,Thursday,4,6,96,14,4,April,April 2023,2,2023,2023,1,FY23-Q1,False,False,,True,False,False,False,False
20230407,2023-04-07,Friday,5,7,97,14,4,April,April 2023,2,2023,2023,1,FY23-Q1,False,True,Good Friday,False,False,False,False,False
20230408,2023-04-08,Saturday,6,8,98,14,4,April,April 2023,2,2023,2023,1,FY23-Q1,True,False,,False,False,False,False,False
20230409,2023-04-09,Sunday,7,9,99,14,4,April,April 2023,2,2023,2023,1,FY23-Q1,True,False,,False,False,False,False,False
20230410,2023-04-10,Monday,1,10,100,15,4,April,April 2023,2,2023,2023,1,FY23-Q1,False,True,Family Day,False,False,False,False,False
20230411,2023-04-11,Tuesday,2,11,101,15,4,April,April 2023,2,2023,2023,1,FY23-Q1,False,False,,True,False,False,False,False
20230412,2023-04-12,Wednesday,3,12,102,15,4,April,April 2023,2,2023,2023,1,FY23-Q1,False,False,,True,False,False,False,False
20230413,2023-04-13,Thursday,4,13,103,15,4,April,April 2023,2,2023,2023,1,FY23-Q1,False,False,,True,False,False,False,False
20230414,2023-04-14,Friday,5,14,104,15,4,April,April 2023,2,2023,2023,1,FY23-Q1,False,False,,True,False,False,False,False
20230415,2023-04-15,Saturday,6,15,105,15,4,April,April 2023,2,2023,2023,1,FY23-Q1,True,False,,False,False,False,False,False
20230416,2023-04-16,Sunday,7,16,106,15,4,April,April 2023,2,2023,2023,1,FY23-Q1,True,False,,False,False,False,False,False
20230417,2023-04-17,Monday,1,17,107,16,4,April,April 2023,2,2023,2023,1,FY23-Q1,False,False,,True,False,False,False,False
20230418,2023-04-18,Tuesday,2,18,108,16,4,April,April 2023,2,2023,2023,1,FY23-Q1,False,False,,True,False,False,False,False
20230419,2023-04-19,Wednesday,3,19,109,16,4,April,April 2023,2,2023,2023,1,FY23-Q1,False,False,,True,False,False,False,False
20230420,2023-04-20,Thursday,4,20,110,16,4,April,April 2023,2,2023,2023,1,FY23-Q1,False,False,,True,False,False,False,False
20230421,2023-04-21,Friday,5,21,111,16,4,April,April 2023,2,2023,2023,1,FY23-Q1,False,False,,True,False,False,False,False
20230422,2023-04-22,Saturday,6,22,112,16,4,April,April 2023,2,2023,2023,1,FY23-Q1,True,False,,False,False,False,False,False
20230423,2023-04-23,Sunday,7,23,113,16,4,April,April 2023,2,2023,2023,1,FY23-Q1,True,False,,False,False,False,False,False
20230424,2023-04-24,Monday,1,24,114,17,4,April,April 2023,2,2023,2023,1,FY23-Q1,False,False,,True,False,False,False,False
20230425,2023-04-25,Tuesday,2,25,115,17,4,April,April 2023,2,2023,2023,1,FY23-Q1,False,False,,True,False,False,False,False
20230426,2023-04-26,Wednesday,3,26,116,17,4,April,April 2023,2,2023,2023,1,FY23-Q1,False,False,,True,False,False,False,False
20230427,2023-04-27,Thursday,4,27,117,17,4,April,April 2023,2,2023,2023,1,FY23-Q1,False,True,Freedom Day,False,False,False,False,False
20230428,2023-04-28,Friday,5,28,118,17,4,April,April 2023,2,2023,2023,1,FY23-Q1,False,False,,True,False,False,False,False
20230429,2023-04-29,Saturday,6,29,119,17,4,April,April 2023,2,2023,2023,1,FY23-Q1,True,False,,False,False,False,False,False
20230430,2023-04-30,Sunday,7,30,120,17,4,April,April 2023,2,2023,2023,1,FY23-Q1,True,False,,False,True,False,False,False
20230501,2023-05-01,Monday,1,1,121,18,5,May,May 2023,2,2023,2023,1,FY23-Q1,False,True,Workers Day,False,False,False,False,False
20230502,2023-05-02,Tuesday,2,2,122,18,5,May,May 2023,2,2023,2023,1,FY23-Q1,False,False,,True,False,False,False,False
20230503,2023-05-03,Wednesday,3,3,123,18,5,May,May 2023,2,2023,2023,1,FY23-Q1,False,False,,True,False,False,False,False
20230504,2023-05-04,Thursday,4,4,124,18,5,May,May 2023,2,2023,2023,1,FY23-Q1,False,False,,True,False,False,False,False
20230505,2023-05-05,Friday,5,5,125,18,5,May,May 2023,2,2023,2023,1,FY23-Q1,False,False,,True,False,False,False,False
20230506,2023-05-06,Saturday,6,6,126,18,5,May,May 2023,2,2023,2023,1,FY23-Q1,True,False,,False,False,False,False,False
20230507,2023-05-07,Sunday,7,7,127,18,5,May,May 2023,2,2023,2023,1,FY23-Q1,True,False,,False,False,False,False,False
20230508,2023-05-08,Monday,1,8,128,19,5,May,May 2023,2,2023,2023,1,FY23-Q1,False,False,,True,False,False,False,False
20230509,2023-05-09,Tuesday,2,9,129,19,5,May,May 2023,2,2023,2023,1,FY23-Q1,False,False,,True,False,False,False,False
20230510,2023-05-10,Wednesday,3,10,130,19,5,May,May 2023,2,2023,2023,1,FY23-Q1,False,False,,True,False,False,False,False
20230511,2023-05-11,Thursday,4,11,131,19,5,May,May 2023,2,2023,2023,1,FY23-Q1,False,False,,True,False,False,False,False
20230512,2023-05-12,Friday,5,12,132,19,5,May,May 2023,2,2023,2023,1,FY23-Q1,False,False,,True,False,False,False,False
20230513,2023-05-13,Saturday,6,13,133,19,5,May,May 2023,2,2023,2023,1,FY23-Q1,True,False,,False,False,False,False,False
20230514,2023-05-14,Sunday,7,14,134,19,5,May,May 2023,2,2023,2023,1,FY23-Q1,True,False,,False,False,False,False,False
20230515,2023-05-15,Monday,1,15,135,20,5,May,May 2023,2,2023,2023,1,FY23-Q1,False,False,,True,False,False,False,False
20230516,2023-05-16,Tuesday,2,16,136,20,5,May,May 2023,2,2023,2023,1,FY23-Q1,False,False,,True,False,False,False,False
20230517,2023-05-17,Wednesday,3,17,137,20,5,May,May 2023,2,2023,2023,1,FY23-Q1,False,False,,True,False,False,False,False
20230518,2023-05-18,Thursday,4,18,138,20,5,May,May 2023,2,2023,2023,1,FY23-Q1,False,False,,True,False,False,False,False
20230519,2023-05-19,Friday,5,19,139,20,5,May,May 2023,2,2023,2023,1,FY23-Q1,False,False,,True,False,False,False,False
20230520,2023-05-20,Saturday,6,20,140,20,5,May,May 2023,2,2023,2023,1,FY23-Q1,True,False,,False,False,False,False,False
20230521,2023-05-21,Sunday,7,21,141,20,5,May,May 2023,2,2023,2023,1,FY23-Q1,True,False,,False,False,False,False,False
20230522,2023-05-22,Monday,1,22,142,21,5,May,May 2023,2,2023,2023,1,FY23-Q1,False,False,,True,False,False,False,False
20230523,2023-05-23,Tuesday,2,23,143,21,5,May,May 2023,2,2023,2023,1,FY23-Q1,False,False,,True,False,False,False,False
20230524,2023-05-24,Wednesday,3,24,144,21,5,May,May 2023,2,2023,2023,1,FY23-Q1,False,False,,True,False,False,False,False
20230525,2023-05-25,Thursday,4,25,145,21,5,May,May 2023,2,2023,2023,1,FY23-Q1,False,False,,True,False,False,False,False
20230526,2023-05-26,Friday,5,26,146,21,5,May,May 2023,2,2023,2023,1,FY23-Q1,False,False,,True,False,False,False,False
20230527,2023-05-27,Saturday,6,27,147,21,5,May,May 2023,2,2023,2023,1,FY23-Q1,True,False,,False,False,False,False,False
20230528,2023-05-28,Sunday,7,28,148,21,5,May,May 2023,2,2023,2023,1,FY23-Q1,True,False,,False,False,False,False,False
20230529,2023-05-29,Monday,1,29,149,22,5,May,May 2023,2,2023,2023,1,FY23-Q1,False,False,,True,False,False,False,False
20230530,2023-05-30,Tuesday,2,30,150,22,5,May,May 2023,2,2023,2023,1,FY23-Q1,False,False,,True,False,False,False,False
20230531,2023-05-31,Wednesday,3,31,151,22,5,May,May 2023,2,2023,2023,1,FY23-Q1,False,False,,True,True,False,False,False
20230601,2023-06-01,Thursday,4,1,152,22,6,June,June 2023,2,2023,2023,1,FY23-Q1,False,False,,True,False,False,False,False
20230602,2023-06-02,Friday,5,2,153,22,6,June,June 2023,2,2023,2023,1,FY23-Q1,False,False,,True,False,False,False,False
20230603,2023-06-03,Saturday,6,3,154,22,6,June,June 2023,2,2023,2023,1,FY23-Q1,True,False,,False,False,False,False,False
20230604,2023-06-04,Sunday,7,4,155,22,6,June,June 2023,2,2023,2023,1,FY23-Q1,True,False,,False,False,False,False,False
20230605,2023-06-05,Monday,1,5,156,23,6,June,June 2023,2,2023,2023,1,FY23-Q1,False,False,,True,False,False,False,False
20230606,2023-06-06,Tuesday,2,6,157,23,6,June,June 2023,2,2023,2023,1,FY23-Q1,False,False,,True,False,False,False,False
20230607,2023-06-07,Wednesday,3,7,158,23,6,June,June 2023,2,2023,2023,1,FY23-Q1,False,False,,True,False,False,False,False
20230608,2023-06-08,Thursday,4,8,159,23,6,June,June 2023,2,2023,2023,1,FY23-Q1,False,False,,True,False,False,False,False
20230609,2023-06-09,Friday,5,9,160,23,6,June,June 2023,2,2023,2023,1,FY23-Q1,False,False,,True,False,False,False,False
20230610,2023-06-10,Saturday,6,10,161,23,6,June,June 2023,2,2023,2023,1,FY23-Q1,True,False,,False,False,False,False,False
20230611,2023-06-11,Sunday,7,11,162,23,6,June,June 2023,2,2023,2023,1,FY23-Q1,True,False,,False,False,False,False,False
20230612,2023-06-12,Monday,1,12,163,24,6,June,June 2023,2,2023,2023,1,FY23-Q1,False,False,,True,False,False,False,False
20230613,2023-06-13,Tuesday,2,13,164,24,6,June,June 2023,2,2023,2023,1,FY23-Q1,False,False,,True,False,False,False,False
20230614,2023-06-14,Wednesday,3,14,165,24,6,June,June 2023,2,2023,2023,1,FY23-Q1,False,False,,True,False,False,False,False
20230615,2023-06-15,Thursday,4,15,166,24,6,June,June 2023,2,2023,2023,1,FY23-Q1,False,False,,True,False,False,False,False
20230616,2023-06-16,Friday,5,16,167,24,6,June,June 2023,2,2023,2023,1,FY23-Q1,False,True,Youth Day,False,False,False,False,False
20230617,2023-06-17,Saturday,6,17,168,24,6,June,June 2023,2,2023,2023,1,FY23-Q1,True,False,,False,False,False,False,False
20230618,2023-06-18,Sunday,7,18,169,24,6,June,June 2023,2,2023,2023,1,FY23-Q1,True,False,,False,False,False,False,False
20230619,2023-06-19,Monday,1,19,170,25,6,June,June 2023,2,2023,2023,1,FY23-Q1,False,False,,True,False,False,False,False
20230620,2023-06-20,Tuesday,2,20,171,25,6,June,June 2023,2,2023,2023,1,FY23-Q1,False,False,,True,False,False,False,False
20230621,2023-06-21,Wednesday,3,21,172,25,6,June,June 2023,2,2023,2023,1,FY23-Q1,False,False,,True,False,False,False,False
20230622,2023-06-22,Thursday,4,22,173,25,6,June,June 2023,2,2023,2023,1,FY23-Q1,False,False,,True,False,False,False,False
20230623,2023-06-23,Friday,5,23,174,25,6,June,June 2023,2,2023,2023,1,FY23-Q1,False,False,,True,False,False,False,False
20230624,2023-06-24,Saturday,6,24,175,25,6,June,June 2023,2,2023,2023,1,FY23-Q1,True,False,,False,False,False,False,False
20230625,2023-06-25,Sunday,7,25,176,25,6,June,June 2023,2,2023,2023,1,FY23-Q1,True,False,,False,False,False,False,False
20230626,2023-06-26,Monday,1,26,177,26,6,June,June 2023,2,2023,2023,1,FY23-Q1,False,False,,True,False,False,False,False
20230627,2023-06-27,Tuesday,2,27,178,26,6,June,June 2023,2,2023,2023,1,FY23-Q1,False,False,,True,False,False,False,False
20230628,2023-06-28,Wednesday,3,28,179,26,6,June,June 2023,2,2023,2023,1,FY23-Q1,False,False,,True,False,False,False,False
20230629,2023-06-29,Thursday,4,29,180,26,6,June,June 2023,2,2023,2023,1,FY23-Q1,False,False,,True,False,False,False,False
20230630,2023-06-30,Friday,5,30,181,26,6,June,June 2023,2,2023,2023,1,FY23-Q1,False,False,,True,True,True,False,False
20230701,2023-07-01,Saturday,6,1,182,26,7,July,July 2023,3,2023,2023,2,FY23-Q2,True,False,,False,False,False,False,False
20230702,2023-07-02,Sunday,7,2,183,26,7,July,July 2023,3,2023,2023,2,FY23-Q2,True,False,,False,False,False,False,False
20230703,2023-07-03,Monday,1,3,184,27,7,July,July 2023,3,2023,2023,2,FY23-Q2,False,False,,True,False,False,False,False
20230704,2023-07-04,Tuesday,2,4,185,27,7,July,July 2023,3,2023,2023,2,FY23-Q2,False,False,,True,False,False,False,False
20230705,2023-07-05,Wednesday,3,5,186,27,7,July,July 2023,3,2023,2023,2,FY23-Q2,False,False,,True,False,False,False,False
20230706,2023-07-06,Thursday,4,6,187,27,7,July,July 2023,3,2023,2023,2,FY23-Q2,False,False,,True,False,False,False,False
20230707,2023-07-07,Friday,5,7,188,27,7,July,July 2023,3,2023,2023,2,FY23-Q2,False,False,,True,False,False,False,False
20230708,2023-07-08,Saturday,6,8,189,27,7,July,July 2023,3,2023,2023,2,FY23-Q2,True,False,,False,False,False,False,False
20230709,2023-07-09,Sunday,7,9,190,27,7,July,July 2023,3,2023,2023,2,FY23-Q2,True,False,,False,False,False,False,False
20230710,2023-07-10,Monday,1,10,191,28,7,July,July 2023,3,2023,2023,2,FY23-Q2,False,False,,True,False,False,False,False
20230711,2023-07-11,Tuesday,2,11,192,28,7,July,July 2023,3,2023,2023,2,FY23-Q2,False,False,,True,False,False,False,False
20230712,2023-07-12,Wednesday,3,12,193,28,7,July,July 2023,3,2023,2023,2,FY23-Q2,False,False,,True,False,False,False,False
20230713,2023-07-13,Thursday,4,13,194,28,7,July,July 2023,3,2023,2023,2,FY23-Q2,False,False,,True,False,False,False,False
20230714,2023-07-14,Friday,5,14,195,28,7,July,July 2023,3,2023,2023,2,FY23-Q2,False,False,,True,False,False,False,False
20230715,2023-07-15,Saturday,6,15,196,28,7,July,July 2023,3,2023,2023,2,FY23-Q2,True,False,,False,False,False,False,False
20230716,2023-07-16,Sunday,7,16,197,28,7,July,July 2023,3,2023,2023,2,FY23-Q2,True,False,,False,False,False,False,False
20230717,2023-07-17,Monday,1,17,198,29,7,July,July 2023,3,2023,2023,2,FY23-Q2,False,False,,True,False,False,False,False
20230718,2023-07-18,Tuesday,2,18,199,29,7,July,July 2023,3,2023,2023,2,FY23-Q2,False,False,,True,False,False,False,False
20230719,2023-07-19,Wednesday,3,19,200,29,7,July,July 2023,3,2023,2023,2,FY23-Q2,False,False,,True,False,False,False,False
20230720,2023-07-20,Thursday,4,20,201,29,7,July,July 2023,3,2023,2023,2,FY23-Q2,False,False,,True,False,False,False,False
20230721,2023-07-21,Friday,5,21,202,29,7,July,July 2023,3,2023,2023,2,FY23-Q2,False,False,,True,False,False,False,False
20230722,2023-07-22,Saturday,6,22,203,29,7,July,July 2023,3,2023,2023,2,FY23-Q2,True,False,,False,False,False,False,False
20230723,2023-07-23,Sunday,7,23,204,29,7,July,July 2023,3,2023,2023,2,FY23-Q2,True,False,,False,False,False,False,False
20230724,2023-07-24,Monday,1,24,205,30,7,July,July 2023,3,2023,2023,2,FY23-Q2,False,False,,True,False,False,False,False
20230725,2023-07-25,Tuesday,2,25,206,30,7,July,July 2023,3,2023,2023,2,FY23-Q2,False,False,,True,False,False,False,False
20230726,2023-07-26,Wednesday,3,26,207,30,7,July,July 2023,3,2023,2023,2,FY23-Q2,False,False,,True,False,False,False,False
20230727,2023-07-27,Thursday,4,27,208,30,7,July,July 2023,3,2023,2023,2,FY23-Q2,False,False,,True,False,False,False,False
20230728,2023-07-28,Friday,5,28,209,30,7,July,July 2023,3,2023,2023,2,FY23-Q2,False,False,,True,False,False,False,False
20230729,2023-07-29,Saturday,6,29,210,30,7,July,July 2023,3,2023,2023,2,FY23-Q2,True,False,,False,False,False,False,False
20230730,2023-07-30,Sunday,7,30,211,30,7,July,July 2023,3,2023,2023,2,FY23-Q2,True,False,,False,False,False,False,False
20230731,2023-07-31,Monday,1,31,212,31,7,July,July 2023,3,2023,2023,2,FY23-Q2,False,False,,True,True,False,False,False
20230801,2023-08-01,Tuesday,2,1,213,31,8,August,August 2023,3,2023,2023,2,FY23-Q2,False,False,,True,False,False,False,False
20230802,2023-08-02,Wednesday,3,2,214,31,8,August,August 2023,3,2023,2023,2,FY23-Q2,False,False,,True,False,False,False,False
20230803,2023-08-03,Thursday,4,3,215,31,8,August,August 2023,3,2023,2023,2,FY23-Q2,False,False,,True,False,False,False,False
20230804,2023-08-04,Friday,5,4,216,31,8,August,August 2023,3,2023,2023,2,FY23-Q2,False,False,,True,False,False,False,False
20230805,2023-08-05,Saturday,6,5,217,31,8,August,August 2023,3,2023,2023,2,FY23-Q2,True,False,,False,False,False,False,False
20230806,2023-08-06,Sunday,7,6,218,31,8,August,August 2023,3,2023,2023,2,FY23-Q2,True,False,,False,False,False,False,False
20230807,2023-08-07,Monday,1,7,219,32,8,August,August 2023,3,2023,2023,2,FY23-Q2,False,False,,True,False,False,False,False
20230808,2023-08-08,Tuesday,2,8,220,32,8,August,August 2023,3,2023,2023,2,FY23-Q2,False,False,,True,False,False,False,False
20230809,2023-08-09,Wednesday,3,9,221,32,8,August,August 2023,3,2023,2023,2,FY23-Q2,False,True,National Women's Day,False,False,False,False,False
20230810,2023-08-10,Thursday,4,10,222,32,8,August,August 2023,3,2023,2023,2,FY23-Q2,False,False,,True,False,False,False,False
20230811,2023-08-11,Friday,5,11,223,32,8,August,August 2023,3,2023,2023,2,FY23-Q2,False,False,,True,False,False,False,False
20230812,2023-08-12,Saturday,6,12,224,32,8,August,August 2023,3,2023,2023,2,FY23-Q2,True,False,,False,False,False,False,False
20230813,2023-08-13,Sunday,7,13,225,32,8,August,August 2023,3,2023,2023,2,FY23-Q2,True,False,,False,False,False,False,False
20230814,2023-08-14,Monday,1,14,226,33,8,August,August 2023,3,2023,2023,2,FY23-Q2,False,False,,True,False,False,False,False
20230815,2023-08-15,Tuesday,2,15,227,33,8,August,August 2023,3,2023,2023,2,FY23-Q2,False,False,,True,False,False,False,False
20230816,2023-08-16,Wednesday,3,16,228,33,8,August,August 2023,3,2023,2023,2,FY23-Q2,False,False,,True,False,False,False,False
20230817,2023-08-17,Thursday,4,17,229,33,8,August,August 2023,3,2023,2023,2,FY23-Q2,False,False,,True,False,False,False,False
20230818,2023-08-18,Friday,5,18,230,33,8,August,August 2023,3,2023,2023,2,FY23-Q2,False,False,,True,False,False,False,False
20230819,2023-08-19,Saturday,6,19,231,33,8,August,August 2023,3,2023,2023,2,FY23-Q2,True,False,,False,False,False,False,False
20230820,2023-08-20,Sunday,7,20,232,33,8,August,August 2023,3,2023,2023,2,FY23-Q2,True,False,,False,False,False,False,False
20230821,2023-08-21,Monday,1,21,233,34,8,August,August 2023,3,2023,2023,2,FY23-Q2,False,False,,True,False,False,False,False
20230822,2023-08-22,Tuesday,2,22,234,34,8,August,August 2023,3,2023,2023,2,FY23-Q2,False,False,,True,False,False,False,False
20230823,2023-08-23,Wednesday,3,23,235,34,8,August,August 2023,3,2023,2023,2,FY23-Q2,False,False,,True,False,False,False,False
20230824,2023-08-24,Thursday,4,24,236,34,8,August,August 2023,3,2023,2023,2,FY23-Q2,False,False,,True,False,False,False,False
20230825,2023-08-25,Friday,5,25,237,34,8,August,August 2023,3,2023,2023,2,FY23-Q2,False,False,,True,False,False,False,False
20230826,2023-08-26,Saturday,6,26,238,34,8,August,August 2023,3,2023,2023,2,FY23-Q2,True,False,,False,False,False,False,False
20230827,2023-08-27,Sunday,7,27,239,34,8,August,August 2023,3,2023,2023,2,FY23-Q2,True,False,,False,False,False,False,False
20230828,2023-08-28,Monday,1,28,240,35,8,August,August 2023,3,2023,2023,2,FY23-Q2,False,False,,True,False,False,False,False
20230829,2023-08-29,Tuesday,2,29,241,35,8,August,August 2023,3,2023,2023,2,FY23-Q2,False,False,,True,False,False,False,False
20230830,2023-08-30,Wednesday,3,30,242,35,8,August,August 2023,3,2023,2023,2,FY23-Q2,False,False,,True,False,False,False,False
20230831,2023-08-31,Thursday,4,31,243,35,8,August,August 2023,3,2023,2023,2,FY23-Q2,False,False,,True,True,False,False,False
20230901,2023-09-01,Friday,5,1,244,35,9,September,September 2023,3,2023,2023,2,FY23-Q2,False,False,,True,False,False,False,False
20230902,2023-09-02,Saturday,6,2,245,35,9,September,September 2023,3,2023,2023,2,FY23-Q2,True,False,,False,False,False,False,False
20230903,2023-09-03,Sunday,7,3,246,35,9,September,September 2023,3,2023,2023,2,FY23-Q2,True,False,,False,False,False,False,False
20230904,2023-09-04,Monday,1,4,247,36,9,September,September 2023,3,2023,2023,2,FY23-Q2,False,False,,True,False,False,False,False
20230905,2023-09-05,Tuesday,2,5,248,36,9,September,September 2023,3,2023,2023,2,FY23-Q2,False,False,,True,False,False,False,False
20230906,2023-09-06,Wednesday,3,6,249,36,9,September,September 2023,3,2023,2023,2,FY23-Q2,False,False,,True,False,False,False,False
20230907,2023-09-07,Thursday,4,7,250,36,9,September,September 2023,3,2023,2023,2,FY23-Q2,False,False,,True,False,False,False,False
20230908,2023-09-08,Friday,5,8,251,36,9,September,September 2023,3,2023,2023,2,FY23-Q2,False,False,,True,False,False,False,False
20230909,2023-09-09,Saturday,6,9,252,36,9,September,September 2023,3,2023,2023,2,FY23-Q2,True,False,,False,False,False,False,False
20230910,2023-09-10,Sunday,7,10,253,36,9,September,September 2023,3,2023,2023,2,FY23-Q2,True,False,,False,False,False,False,False
20230911,2023-09-11,Monday,1,11,254,37,9,September,September 2023,3,2023,2023,2,FY23-Q2,False,False,,True,False,False,False,False
20230912,2023-09-12,Tuesday,2,12,255,37,9,September,September 2023,3,2023,2023,2,FY23-Q2,False,False,,True,False,False,False,False
20230913,2023-09-13,Wednesday,3,13,256,37,9,September,September 2023,3,2023,2023,2,FY23-Q2,False,False,,True,False,False,False,False
20230914,2023-09-14,Thursday,4,14,257,37,9,September,September 2023,3,2023,2023,2,FY23-Q2,False,False,,True,False,False,False,False
20230915,2023-09-15,Friday,5,15,258,37,9,September,September 2023,3,2023,2023,2,FY23-Q2,False,False,,True,False,False,False,False
20230916,2023-09-16,Saturday,6,16,259,37,9,September,September 2023,3,2023,2023,2,FY23-Q2,True,False,,False,False,False,False,False
20230917,2023-09-17,Sunday,7,17,260,37,9,September,September 2023,3,2023,2023,2,FY23-Q2,True,False,,False,False,False,False,False
20230918,2023-09-18,Monday,1,18,261,38,9,September,September 2023,3,2023,2023,2,FY23-Q2,False,False,,True,False,False,False,False
20230919,2023-09-19,Tuesday,2,19,262,38,9,September,September 2023,3,2023,2023,2,FY23-Q2,False,False,,True,False,False,False,False
20230920,2023-09-20,Wednesday,3,20,263,38,9,September,September 2023,3,2023,2023,2,FY23-Q2,False,False,,True,False,False,False,False
20230921,2023-09-21,Thursday,4,21,264,38,9,September,September 2023,3,2023,2023,2,FY23-Q2,False,False,,True,False,False,False,False
20230922,2023-09-22,Friday,5,22,265,38,9,September,September 2023,3,2023,2023,2,FY23-Q2,False,False,,True,False,False,False,False
20230923,2023-09-23,Saturday,6,23,266,38,9,September,September 2023,3,2023,2023,2,FY23-Q2,True,False,,False,False,False,False,False
20230924,2023-09-24,Sunday,7,24,267,38,9,September,September 2023,3,2023,2023,2,FY23-Q2,True,True,Heritage Day,False,False,False,False,False
20230925,2023-09-25,Monday,1,25,268,39,9,September,September 2023,3,2023,2023,2,FY23-Q2,False,True,Heritage Day (observed),False,False,False,False,False
20230926,2023-09-26,Tuesday,2,26,269,39,9,September,September 2023,3,2023,2023,2,FY23-Q2,False,False,,True,False,False,False,False
20230927,2023-09-27,Wednesday,3,27,270,39,9,September,September 2023,3,2023,2023,2,FY23-Q2,False,False,,True,False,False,False,False
20230928,2023-09-28,Thursday,4,28,271,39,9,September,September 2023,3,2023,2023,2,FY23-Q2,False,False,,True,False,False,False,False
20230929,2023-09-29,Friday,5,29,272,39,9,September,September 2023,3,2023,2023,2,FY23-Q2,False,False,,True,False,False,False,False
20230930,2023-09-30,Saturday,6,30,273,39,9,September,September 2023,3,2023,2023,2,FY23-Q2,True,False,,False,True,True,False,False
20231001,2023-10-01,Sunday,7,1,274,39,10,October,October 2023,4,2023,2023,3,FY23-Q3,True,False,,False,False,False,False,False
20231002,2023-10-02,Monday,1,2,275,40,10,October,October 2023,4,2023,2023,3,FY23-Q3,False,False,,True,False,False,False,False
20231003,2023-10-03,Tuesday,2,3,276,40,10,October,October 2023,4,2023,2023,3,FY23-Q3,False,False,,True,False,False,False,False
20231004,2023-10-04,Wednesday,3,4,277,40,10,October,October 2023,4,2023,2023,3,FY23-Q3,False,False,,True,False,False,False,False
20231005,2023-10-05,Thursday,4,5,278,40,10,October,October 2023,4,2023,2023,3,FY23-Q3,False,False,,True,False,False,False,False
20231006,2023-10-06,Friday,5,6,279,40,10,October,October 2023,4,2023,2023,3,FY23-Q3,False,False,,True,False,False,False,False
20231007,2023-10-07,Saturday,6,7,280,40,10,October,October 2023,4,2023,2023,3,FY23-Q3,True,False,,False,False,False,False,False
20231008,2023-10-08,Sunday,7,8,281,40,10,October,October 2023,4,2023,2023,3,FY23-Q3,True,False,,False,False,False,False,False
20231009,2023-10-09,Monday,1,9,282,41,10,October,October 2023,4,2023,2023,3,FY23-Q3,False,False,,True,False,False,False,False
20231010,2023-10-10,Tuesday,2,10,283,41,10,October,October 2023,4,2023,2023,3,FY23-Q3,False,False,,True,False,False,False,False
20231011,2023-10-11,Wednesday,3,11,284,41,10,October,October 2023,4,2023,2023,3,FY23-Q3,False,False,,True,False,False,False,False
20231012,2023-10-12,Thursday,4,12,285,41,10,October,October 2023,4,2023,2023,3,FY23-Q3,False,False,,True,False,False,False,False
20231013,2023-10-13,Friday,5,13,286,41,10,October,October 2023,4,2023,2023,3,FY23-Q3,False,False,,True,False,False,False,False
20231014,2023-10-14,Saturday,6,14,287,41,10,October,October 2023,4,2023,2023,3,FY23-Q3,True,False,,False,False,False,False,False
20231015,2023-10-15,Sunday,7,15,288,41,10,October,October 2023,4,2023,2023,3,FY23-Q3,True,False,,False,False,False,False,False
20231016,2023-10-16,Monday,1,16,289,42,10,October,October 2023,4,2023,2023,3,FY23-Q3,False,False,,True,False,False,False,False
20231017,2023-10-17,Tuesday,2,17,290,42,10,October,October 2023,4,2023,2023,3,FY23-Q3,False,False,,True,False,False,False,False
20231018,2023-10-18,Wednesday,3,18,291,42,10,October,October 2023,4,2023,2023,3,FY23-Q3,False,False,,True,False,False,False,False
20231019,2023-10-19,Thursday,4,19,292,42,10,October,October 2023,4,2023,2023,3,FY23-Q3,False,False,,True,False,False,False,False
20231020,2023-10-20,Friday,5,20,293,42,10,October,October 2023,4,2023,2023,3,FY23-Q3,False,False,,True,False,False,False,False
20231021,2023-10-21,Saturday,6,21,294,42,10,October,October 2023,4,2023,2023,3,FY23-Q3,True,False,,False,False,False,False,False
20231022,2023-10-22,Sunday,7,22,295,42,10,October,October 2023,4,2023,2023,3,FY23-Q3,True,False,,False,False,False,False,False
20231023,2023-10-23,Monday,1,23,296,43,10,October,October 2023,4,2023,2023,3,FY23-Q3,False,False,,True,False,False,False,False
20231024,2023-10-24,Tuesday,2,24,297,43,10,October,October 2023,4,2023,2023,3,FY23-Q3,False,False,,True,False,False,False,False
20231025,2023-10-25,Wednesday,3,25,298,43,10,October,October 2023,4,2023,2023,3,FY23-Q3,False,False,,True,False,False,False,False
20231026,2023-10-26,Thursday,4,26,299,43,10,October,October 2023,4,2023,2023,3,FY23-Q3,False,False,,True,False,False,False,False
20231027,2023-10-27,Friday,5,27,300,43,10,October,October 2023,4,2023,2023,3,FY23-Q3,False,False,,True,False,False,False,False
20231028,2023-10-28,Saturday,6,28,301,43,10,October,October 2023,4,2023,2023,3,FY23-Q3,True,False,,False,False,False,False,False
20231029,2023-10-29,Sunday,7,29,302,43,10,October,October 2023,4,2023,2023,3,FY23-Q3,True,False,,False,False,False,False,False
20231030,2023-10-30,Monday,1,30,303,44,10,October,October 2023,4,2023,2023,3,FY23-Q3,False,False,,True,False,False,False,False
20231031,2023-10-31,Tuesday,2,31,304,44,10,October,October 2023,4,2023,2023,3,FY23-Q3,False,False,,True,True,False,False,False
20231101,2023-11-01,Wednesday,3,1,305,44,11,November,November 2023,4,2023,2023,3,FY23-Q3,False,False,,True,False,False,False,False
20231102,2023-11-02,Thursday,4,2,306,44,11,November,November 2023,4,2023,2023,3,FY23-Q3,False,False,,True,False,False,False,False
20231103,2023-11-03,Friday,5,3,307,44,11,November,November 2023,4,2023,2023,3,FY23-Q3,False,False,,True,False,False,False,False
20231104,2023-11-04,Saturday,6,4,308,44,11,November,November 2023,4,2023,2023,3,FY23-Q3,True,False,,False,False,False,False,False
20231105,2023-11-05,Sunday,7,5,309,44,11,November,November 2023,4,2023,2023,3,FY23-Q3,True,False,,False,False,False,False,False
20231106,2023-11-06,Monday,1,6,310,45,11,November,November 2023,4,2023,2023,3,FY23-Q3,False,False,,True,False,False,False,False
20231107,2023-11-07,Tuesday,2,7,311,45,11,November,November 2023,4,2023,2023,3,FY23-Q3,False,False,,True,False,False,False,False
20231108,2023-11-08,Wednesday,3,8,312,45,11,November,November 2023,4,2023,2023,3,FY23-Q3,False,False,,True,False,False,False,False
20231109,2023-11-09,Thursday,4,9,313,45,11,November,November 2023,4,2023,2023,3,FY23-Q3,False,False,,True,False,False,False,False
20231110,2023-11-10,Friday,5,10,314,45,11,November,November 2023,4,2023,2023,3,FY23-Q3,False,False,,True,False,False,False,False
20231111,2023-11-11,Saturday,6,11,315,45,11,November,November 2023,4,2023,2023,3,FY23-Q3,True,False,,False,False,False,False,False
20231112,2023-11-12,Sunday,7,12,316,45,11,November,November 2023,4,2023,2023,3,FY23-Q3,True,False,,False,False,False,False,False
20231113,2023-11-13,Monday,1,13,317,46,11,November,November 2023,4,2023,2023,3,FY23-Q3,False,False,,True,False,False,False,False
20231114,2023-11-14,Tuesday,2,14,318,46,11,November,November 2023,4,2023,2023,3,FY23-Q3,False,False,,True,False,False,False,False
20231115,2023-11-15,Wednesday,3,15,319,46,11,November,November 2023,4,2023,2023,3,FY23-Q3,False,False,,True,False,False,False,False
20231116,2023-11-16,Thursday,4,16,320,46,11,November,November 2023,4,2023,2023,3,FY23-Q3,False,False,,True,False,False,False,False
20231117,2023-11-17,Friday,5,17,321,46,11,November,November 2023,4,2023,2023,3,FY23-Q3,False,False,,True,False,False,False,False
20231118,2023-11-18,Saturday,6,18,322,46,11,November,November 2023,4,2023,2023,3,FY23-Q3,True,False,,False,False,False,False,False
20231119,2023-11-19,Sunday,7,19,323,46,11,November,November 2023,4,2023,2023,3,FY23-Q3,True,False,,False,False,False,False,False
20231120,2023-11-20,Monday,1,20,324,47,11,November,November 2023,4,2023,2023,3,FY23-Q3,False,False,,True,False,False,False,False
20231121,2023-11-21,Tuesday,2,21,325,47,11,November,November 2023,4,2023,2023,3,FY23-Q3,False,False,,True,False,False,False,False
20231122,2023-11-22,Wednesday,3,22,326,47,11,November,November 2023,4,2023,2023,3,FY23-Q3,False,False,,True,False,False,False,False
20231123,2023-11-23,Thursday,4,23,327,47,11,November,November 2023,4,2023,2023,3,FY23-Q3,False,False,,True,False,False,False,False
20231124,2023-11-24,Friday,5,24,328,47,11,November,November 2023,4,2023,2023,3,FY23-Q3,False,False,,True,False,False,False,False
20231125,2023-11-25,Saturday,6,25,329,47,11,November,November 2023,4,2023,2023,3,FY23-Q3,True,False,,False,False,False,False,False
20231126,2023-11-26,Sunday,7,26,330,47,11,November,November 2023,4,2023,2023,3,FY23-Q3,True,False,,False,False,False,False,False
20231127,2023-11-27,Monday,1,27,331,48,11,November,November 2023,4,2023,2023,3,FY23-Q3,False,False,,True,False,False,False,False
20231128,2023-11-28,Tuesday,2,28,332,48,11,November,November 2023,4,2023,2023,3,FY23-Q3,False,False,,True,False,False,False,False
20231129,2023-11-29,Wednesday,3,29,333,48,11,November,November 2023,4,2023,2023,3,FY23-Q3,False,False,,True,False,False,False,False
20231130,2023-11-30,Thursday,4,30,334,48,11,November,November 2023,4,2023,2023,3,FY23-Q3,False,False,,True,True,False,False,False
20231201,2023-12-01,Friday,5,1,335,48,12,December,December 2023,4,2023,2023,3,FY23-Q3,False,False,,True,False,False,False,False
20231202,2023-12-02,Saturday,6,2,336,48,12,December,December 2023,4,2023,2023,3,FY23-Q3,True,False,,False,False,False,False,False
20231203,2023-12-03,Sunday,7,3,337,48,12,December,December 2023,4,2023,2023,3,FY23-Q3,True,False,,False,False,False,False,False
20231204,2023-12-04,Monday,1,4,338,49,12,December,December 2023,4,2023,2023,3,FY23-Q3,False,False,,True,False,False,False,False
20231205,2023-12-05,Tuesday,2,5,339,49,12,December,December 2023,4,2023,2023,3,FY23-Q3,False,False,,True,False,False,False,False
20231206,2023-12-06,Wednesday,3,6,340,49,12,December,December 2023,4,2023,2023,3,FY23-Q3,False,False,,True,False,False,False,False
20231207,2023-12-07,Thursday,4,7,341,49,12,December,December 2023,4,2023,2023,3,FY23-Q3,False,False,,True,False,False,False,False
20231208,2023-12-08,Friday,5,8,342,49,12,December,December 2023,4,2023,2023,3,FY23-Q3,False,False,,True,False,False,False,False
20231209,2023-12-09,Saturday,6,9,343,49,12,December,December 2023,4,2023,2023,3,FY23-Q3,True,False,,False,False,False,False,False
20231210,2023-12-10,Sunday,7,10,344,49,12,December,December 2023,4,2023,2023,3,FY23-Q3,True,False,,False,False,False,False,False
20231211,2023-12-11,Monday,1,11,345,50,12,December,December 2023,4,2023,2023,3,FY23-Q3,False,False,,True,False,False,False,False
20231212,2023-12-12,Tuesday,2,12,346,50,12,December,December 2023,4,2023,2023,3,FY23-Q3,False,False,,True,False,False,False,False
20231213,2023-12-13,Wednesday,3,13,347,50,12,December,December 2023,4,2023,2023,3,FY23-Q3,False,False,,True,False,False,False,False
20231214,2023-12-14,Thursday,4,14,348,50,12,December,December 2023,4,2023,2023,3,FY23-Q3,False,False,,True,False,False,False,False
20231215,2023-12-15,Friday,5,15,349,50,12,December,December 2023,4,2023,2023,3,FY23-Q3,False,False,,True,False,False,False,False
20231216,2023-12-16,Saturday,6,16,350,50,12,December,December 2023,4,2023,2023,3,FY23-Q3,True,True,Day of Reconciliation,False,False,False,False,False
20231217,2023-12-17,Sunday,7,17,351,50,12,December,December 2023,4,2023,2023,3,FY23-Q3,True,False,,False,False,False,False,False
20231218,2023-12-18,Monday,1,18,352,51,12,December,December 2023,4,2023,2023,3,FY23-Q3,False,False,,True,False,False,False,False
20231219,2023-12-19,Tuesday,2,19,353,51,12,December,December 2023,4,2023,2023,3,FY23-Q3,False,False,,True,False,False,False,False
20231220,2023-12-20,Wednesday,3,20,354,51,12,December,December 2023,4,2023,2023,3,FY23-Q3,False,False,,True,False,False,False,False
20231221,2023-12-21,Thursday,4,21,355,51,12,December,December 2023,4,2023,2023,3,FY23-Q3,False,False,,True,False,False,False,False
20231222,2023-12-22,Friday,5,22,356,51,12,December,December 2023,4,2023,2023,3,FY23-Q3,False,False,,True,False,False,False,False
20231223,2023-12-23,Saturday,6,23,357,51,12,December,December 2023,4,2023,2023,3,FY23-Q3,True,False,,False,False,False,False,False
20231224,2023-12-24,Sunday,7,24,358,51,12,December,December 2023,4,2023,2023,3,FY23-Q3,True,False,,False,False,False,False,False
20231225,2023-12-25,Monday,1,25,359,52,12,December,December 2023,4,2023,2023,3,FY23-Q3,False,True,Christmas Day,False,False,False,False,False
20231226,2023-12-26,Tuesday,2,26,360,52,12,December,December 2023,4,2023,2023,3,FY23-Q3,False,True,Day of Goodwill,False,False,False,False,False
20231227,2023-12-27,Wednesday,3,27,361,52,12,December,December 2023,4,2023,2023,3,FY23-Q3,False,False,,True,False,False,False,False
20231228,2023-12-28,Thursday,4,28,362,52,12,December,December 2023,4,2023,2023,3,FY23-Q3,False,False,,True,False,False,False,False
20231229,2023-12-29,Friday,5,29,363,52,12,December,December 2023,4,2023,2023,3,FY23-Q3,False,False,,True,False,False,False,False
20231230,2023-12-30,Saturday,6,30,364,52,12,December,December 2023,4,2023,2023,3,FY23-Q3,True,False,,False,False,False,False,False
20231231,2023-12-31,Sunday,7,31,365,52,12,December,December 2023,4,2023,2023,3,FY23-Q3,True,False,,False,True,True,True,False
20240101,2024-01-01,Monday,1,1,1,1,1,January,January 2024,1,2024,2023,4,FY23-Q4,False,True,New Year's Day,False,False,False,False,False
20240102,2024-01-02,Tuesday,2,2,2,1,1,January,January 2024,1,2024,2023,4,FY23-Q4,False,False,,True,False,False,False,False
20240103,2024-01-03,Wednesday,3,3,3,1,1,January,January 2024,1,2024,2023,4,FY23-Q4,False,False,,True,False,False,False,False
20240104,2024-01-04,Thursday,4,4,4,1,1,January,January 2024,1,2024,2023,4,FY23-Q4,False,False,,True,False,False,False,False
20240105,2024-01-05,Friday,5,5,5,1,1,January,January 2024,1,2024,2023,4,FY23-Q4,False,False,,True,False,False,False,False
20240106,2024-01-06,Saturday,6,6,6,1,1,January,January 2024,1,2024,2023,4,FY23-Q4,True,False,,False,False,False,False,False
20240107,2024-01-07,Sunday,7,7,7,1,1,January,January 2024,1,2024,2023,4,FY23-Q4,True,False,,False,False,False,False,False
20240108,2024-01-08,Monday,1,8,8,2,1,January,January 2024,1,2024,2023,4,FY23-Q4,False,False,,True,False,False,False,False
20240109,2024-01-09,Tuesday,2,9,9,2,1,January,January 2024,1,2024,2023,4,FY23-Q4,False,False,,True,False,False,False,False
20240110,2024-01-10,Wednesday,3,10,10,2,1,January,January 2024,1,2024,2023,4,FY23-Q4,False,False,,True,False,False,False,False
20240111,2024-01-11,Thursday,4,11,11,2,1,January,January 2024,1,2024,2023,4,FY23-Q4,False,False,,True,False,False,False,False
20240112,2024-01-12,Friday,5,12,12,2,1,January,January 2024,1,2024,2023,4,FY23-Q4,False,False,,True,False,False,False,False
20240113,2024-01-13,Saturday,6,13,13,2,1,January,January 2024,1,2024,2023,4,FY23-Q4,True,False,,False,False,False,False,False
20240114,2024-01-14,Sunday,7,14,14,2,1,January,January 2024,1,2024,2023,4,FY23-Q4,True,False,,False,False,False,False,False
20240115,2024-01-15,Monday,1,15,15,3,1,January,January 2024,1,2024,2023,4,FY23-Q4,False,False,,True,False,False,False,False
20240116,2024-01-16,Tuesday,2,16,16,3,1,January,January 2024,1,2024,2023,4,FY23-Q4,False,False,,True,False,False,False,False
20240117,2024-01-17,Wednesday,3,17,17,3,1,January,January 2024,1,2024,2023,4,FY23-Q4,False,False,,True,False,False,False,False
20240118,2024-01-18,Thursday,4,18,18,3,1,January,January 2024,1,2024,2023,4,FY23-Q4,False,False,,True,False,False,False,False
20240119,2024-01-19,Friday,5,19,19,3,1,January,January 2024,1,2024,2023,4,FY23-Q4,False,False,,True,False,False,False,False
20240120,2024-01-20,Saturday,6,20,20,3,1,January,January 2024,1,2024,2023,4,FY23-Q4,True,False,,False,False,False,False,False
20240121,2024-01-21,Sunday,7,21,21,3,1,January,January 2024,1,2024,2023,4,FY23-Q4,True,False,,False,False,False,False,False
20240122,2024-01-22,Monday,1,22,22,4,1,January,January 2024,1,2024,2023,4,FY23-Q4,False,False,,True,False,False,False,False
20240123,2024-01-23,Tuesday,2,23,23,4,1,January,January 2024,1,2024,2023,4,FY23-Q4,False,False,,True,False,False,False,False
20240124,2024-01-24,Wednesday,3,24,24,4,1,January,January 2024,1,2024,2023,4,FY23-Q4,False,False,,True,False,False,False,False
20240125,2024-01-25,Thursday,4,25,25,4,1,January,January 2024,1,2024,2023,4,FY23-Q4,False,False,,True,False,False,False,False
20240126,2024-01-26,Friday,5,26,26,4,1,January,January 2024,1,2024,2023,4,FY23-Q4,False,False,,True,False,False,False,False
20240127,2024-01-27,Saturday,6,27,27,4,1,January,January 2024,1,2024,2023,4,FY23-Q4,True,False,,False,False,False,False,False
20240128,2024-01-28,Sunday,7,28,28,4,1,January,January 2024,1,2024,2023,4,FY23-Q4,True,False,,False,False,False,False,False
20240129,2024-01-29,Monday,1,29,29,5,1,January,January 2024,1,2024,2023,4,FY23-Q4,False,False,,True,False,False,False,False
20240130,2024-01-30,Tuesday,2,30,30,5,1,January,January 2024,1,2024,2023,4,FY23-Q4,False,False,,True,False,False,False,False
20240131,2024-01-31,Wednesday,3,31,31,5,1,January,January 2024,1,2024,2023,4,FY23-Q4,False,False,,True,True,False,False,False
20240201,2024-02-01,Thursday,4,1,32,5,2,February,February 2024,1,2024,2023,4,FY23-Q4,False,False,,True,False,False,False,False
20240202,2024-02-02,Friday,5,2,33,5,2,February,February 2024,1,2024,2023,4,FY23-Q4,False,False,,True,False,False,False,False
20240203,2024-02-03,Saturday,6,3,34,5,2,February,February 2024,1,2024,2023,4,FY23-Q4,True,False,,False,False,False,False,False
20240204,2024-02-04,Sunday,7,4,35,5,2,February,February 2024,1,2024,2023,4,FY23-Q4,True,False,,False,False,False,False,False
20240205,2024-02-05,Monday,1,5,36,6,2,February,February 2024,1,2024,2023,4,FY23-Q4,False,False,,True,False,False,False,False
20240206,2024-02-06,Tuesday,2,6,37,6,2,February,February 2024,1,2024,2023,4,FY23-Q4,False,False,,True,False,False,False,False
20240207,2024-02-07,Wednesday,3,7,38,6,2,February,February 2024,1,2024,2023,4,FY23-Q4,False,False,,True,False,False,False,False
20240208,2024-02-08,Thursday,4,8,39,6,2,February,February 2024,1,2024,2023,4,FY23-Q4,False,False,,True,False,False,False,False
20240209,2024-02-09,Friday,5,9,40,6,2,February,February 2024,1,2024,2023,4,FY23-Q4,False,False,,True,False,False,False,False
20240210,2024-02-10,Saturday,6,10,41,6,2,February,February 2024,1,2024,2023,4,FY23-Q4,True,False,,False,False,False,False,False
20240211,2024-02-11,Sunday,7,11,42,6,2,February,February 2024,1,2024,2023,4,FY23-Q4,True,False,,False,False,False,False,False
20240212,2024-02-12,Monday,1,12,43,7,2,February,February 2024,1,2024,2023,4,FY23-Q4,False,False,,True,False,False,False,False
20240213,2024-02-13,Tuesday,2,13,44,7,2,February,February 2024,1,2024,2023,4,FY23-Q4,False,False,,True,False,False,False,False
20240214,2024-02-14,Wednesday,3,14,45,7,2,February,February 2024,1,2024,2023,4,FY23-Q4,False,False,,True,False,False,False,False
20240215,2024-02-15,Thursday,4,15,46,7,2,February,February 2024,1,2024,2023,4,FY23-Q4,False,False,,True,False,False,False,False
20240216,2024-02-16,Friday,5,16,47,7,2,February,February 2024,1,2024,2023,4,FY23-Q4,False,False,,True,False,False,False,False
20240217,2024-02-17,Saturday,6,17,48,7,2,February,February 2024,1,2024,2023,4,FY23-Q4,True,False,,False,False,False,False,False
20240218,2024-02-18,Sunday,7,18,49,7,2,February,February 2024,1,2024,2023,4,FY23-Q4,True,False,,False,False,False,False,False
20240219,2024-02-19,Monday,1,19,50,8,2,February,February 2024,1,2024,2023,4,FY23-Q4,False,False,,True,False,False,False,False
20240220,2024-02-20,Tuesday,2,20,51,8,2,February,February 2024,1,2024,2023,4,FY23-Q4,False,False,,True,False,False,False,False
20240221,2024-02-21,Wednesday,3,21,52,8,2,February,February 2024,1,2024,2023,4,FY23-Q4,False,False,,True,False,False,False,False
20240222,2024-02-22,Thursday,4,22,53,8,2,February,February 2024,1,2024,2023,4,FY23-Q4,False,False,,True,False,False,False,False
20240223,2024-02-23,Friday,5,23,54,8,2,February,February 2024,1,2024,2023,4,FY23-Q4,False,False,,True,False,False,False,False
20240224,2024-02-24,Saturday,6,24,55,8,2,February,February 2024,1,2024,2023,4,FY23-Q4,True,False,,False,False,False,False,False
20240225,2024-02-25,Sunday,7,25,56,8,2,February,February 2024,1,2024,2023,4,FY23-Q4,True,False,,False,False,False,False,False
20240226,2024-02-26,Monday,1,26,57,9,2,February,February 2024,1,2024,2023,4,FY23-Q4,False,False,,True,False,False,False,False
20240227,2024-02-27,Tuesday,2,27,58,9,2,February,February 2024,1,2024,2023,4,FY23-Q4,False,False,,True,False,False,False,False
20240228,2024-02-28,Wednesday,3,28,59,9,2,February,February 2024,1,2024,2023,4,FY23-Q4,False,False,,True,False,False,False,False
20240229,2024-02-29,Thursday,4,29,60,9,2,February,February 2024,1,2024,2023,4,FY23-Q4,False,False,,True,True,False,False,False
20240301,2024-03-01,Friday,5,1,61,9,3,March,March 2024,1,2024,2023,4,FY23-Q4,False,False,,True,False,False,False,False
20240302,2024-03-02,Saturday,6,2,62,9,3,March,March 2024,1,2024,2023,4,FY23-Q4,True,False,,False,False,False,False,False
20240303,2024-03-03,Sunday,7,3,63,9,3,March,March 2024,1,2024,2023,4,FY23-Q4,True,False,,False,False,False,False,False
20240304,2024-03-04,Monday,1,4,64,10,3,March,March 2024,1,2024,2023,4,FY23-Q4,False,False,,True,False,False,False,False
20240305,2024-03-05,Tuesday,2,5,65,10,3,March,March 2024,1,2024,2023,4,FY23-Q4,False,False,,True,False,False,False,False
20240306,2024-03-06,Wednesday,3,6,66,10,3,March,March 2024,1,2024,2023,4,FY23-Q4,False,False,,True,False,False,False,False
20240307,2024-03-07,Thursday,4,7,67,10,3,March,March 2024,1,2024,2023,4,FY23-Q4,False,False,,True,False,False,False,False
20240308,2024-03-08,Friday,5,8,68,10,3,March,March 2024,1,2024,2023,4,FY23-Q4,False,False,,True,False,False,False,False
20240309,2024-03-09,Saturday,6,9,69,10,3,March,March 2024,1,2024,2023,4,FY23-Q4,True,False,,False,False,False,False,False
20240310,2024-03-10,Sunday,7,10,70,10,3,March,March 2024,1,2024,2023,4,FY23-Q4,True,False,,False,False,False,False,False
20240311,2024-03-11,Monday,1,11,71,11,3,March,March 2024,1,2024,2023,4,FY23-Q4,False,False,,True,False,False,False,False
20240312,2024-03-12,Tuesday,2,12,72,11,3,March,March 2024,1,2024,2023,4,FY23-Q4,False,False,,True,False,False,False,False
20240313,2024-03-13,Wednesday,3,13,73,11,3,March,March 2024,1,2024,2023,4,FY23-Q4,False,False,,True,False,False,False,False
20240314,2024-03-14,Thursday,4,14,74,11,3,March,March 2024,1,2024,2023,4,FY23-Q4,False,False,,True,False,False,False,False
20240315,2024-03-15,Friday,5,15,75,11,3,March,March 2024,1,2024,2023,4,FY23-Q4,False,False,,True,False,False,False,False
20240316,2024-03-16,Saturday,6,16,76,11,3,March,March 2024,1,2024,2023,4,FY23-Q4,True,False,,False,False,False,False,False
20240317,2024-03-17,Sunday,7,17,77,11,3,March,March 2024,1,2024,2023,4,FY23-Q4,True,False,,False,False,False,False,False
20240318,2024-03-18,Monday,1,18,78,12,3,March,March 2024,1,2024,2023,4,FY23-Q4,False,False,,True,False,False,False,False
20240319,2024-03-19,Tuesday,2,19,79,12,3,March,March 2024,1,2024,2023,4,FY23-Q4,False,False,,True,False,False,False,False
20240320,2024-03-20,Wednesday,3,20,80,12,3,March,March 2024,1,2024,2023,4,FY23-Q4,False,False,,True,False,False,False,False
20240321,2024-03-21,Thursday,4,21,81,12,3,March,March 2024,1,2024,2023,4,FY23-Q4,False,True,Human Rights Day,False,False,False,False,False
20240322,2024-03-22,Friday,5,22,82,12,3,March,March 2024,1,2024,2023,4,FY23-Q4,False,False,,True,False,False,False,False
20240323,2024-03-23,Saturday,6,23,83,12,3,March,March 2024,1,2024,2023,4,FY23-Q4,True,False,,False,False,False,False,False
20240324,2024-03-24,Sunday,7,24,84,12,3,March,March 2024,1,2024,2023,4,FY23-Q4,True,False,,False,False,False,False,False
20240325,2024-03-25,Monday,1,25,85,13,3,March,March 2024,1,2024,2023,4,FY23-Q4,False,False,,True,False,False,False,False
20240326,2024-03-26,Tuesday,2,26,86,13,3,March,March 2024,1,2024,2023,4,FY23-Q4,False,False,,True,False,False,False,False
20240327,2024-03-27,Wednesday,3,27,87,13,3,March,March 2024,1,2024,2023,4,FY23-Q4,False,False,,True,False,False,False,False
20240328,2024-03-28,Thursday,4,28,88,13,3,March,March 2024,1,2024,2023,4,FY23-Q4,False,False,,True,False,False,False,False
20240329,2024-03-29,Friday,5,29,89,13,3,March,March 2024,1,2024,2023,4,FY23-Q4,False,True,Good Friday,False,False,False,False,False
20240330,2024-03-30,Saturday,6,30,90,13,3,March,March 2024,1,2024,2023,4,FY23-Q4,True,False,,False,False,False,False,False
20240331,2024-03-31,Sunday,7,31,91,13,3,March,March 2024,1,2024,2023,4,FY23-Q4,True,False,,False,True,True,False,True
20240401,2024-04-01,Monday,1,1,92,14,4,April,April 2024,2,2024,2024,1,FY24-Q1,False,True,Family Day,False,False,False,False,False
20240402,2024-04-02,Tuesday,2,2,93,14,4,April,April 2024,2,2024,2024,1,FY24-Q1,False,False,,True,False,False,False,False
20240403,2024-04-03,Wednesday,3,3,94,14,4,April,April 2024,2,2024,2024,1,FY24-Q1,False,False,,True,False,False,False,False
20240404,2024-04-04,Thursday,4,4,95,14,4,April,April 2024,2,2024,2024,1,FY24-Q1,False,False,,True,False,False,False,False
20240405,2024-04-05,Friday,5,5,96,14,4,April,April 2024,2,2024,2024,1,FY24-Q1,False,False,,True,False,False,False,False
20240406,2024-04-06,Saturday,6,6,97,14,4,April,April 2024,2,2024,2024,1,FY24-Q1,True,False,,False,False,False,False,False
20240407,2024-04-07,Sunday,7,7,98,14,4,April,April 2024,2,2024,2024,1,FY24-Q1,True,False,,False,False,False,False,False
20240408,2024-04-08,Monday,1,8,99,15,4,April,April 2024,2,2024,2024,1,FY24-Q1,False,False,,True,False,False,False,False
20240409,2024-04-09,Tuesday,2,9,100,15,4,April,April 2024,2,2024,2024,1,FY24-Q1,False,False,,True,False,False,False,False
20240410,2024-04-10,Wednesday,3,10,101,15,4,April,April 2024,2,2024,2024,1,FY24-Q1,False,False,,True,False,False,False,False
20240411,2024-04-11,Thursday,4,11,102,15,4,April,April 2024,2,2024,2024,1,FY24-Q1,False,False,,True,False,False,False,False
20240412,2024-04-12,Friday,5,12,103,15,4,April,April 2024,2,2024,2024,1,FY24-Q1,False,False,,True,False,False,False,False
20240413,2024-04-13,Saturday,6,13,104,15,4,April,April 2024,2,2024,2024,1,FY24-Q1,True,False,,False,False,False,False,False
20240414,2024-04-14,Sunday,7,14,105,15,4,April,April 2024,2,2024,2024,1,FY24-Q1,True,False,,False,False,False,False,False
20240415,2024-04-15,Monday,1,15,106,16,4,April,April 2024,2,2024,2024,1,FY24-Q1,False,False,,True,False,False,False,False
20240416,2024-04-16,Tuesday,2,16,107,16,4,April,April 2024,2,2024,2024,1,FY24-Q1,False,False,,True,False,False,False,False
20240417,2024-04-17,Wednesday,3,17,108,16,4,April,April 2024,2,2024,2024,1,FY24-Q1,False,False,,True,False,False,False,False
20240418,2024-04-18,Thursday,4,18,109,16,4,April,April 2024,2,2024,2024,1,FY24-Q1,False,False,,True,False,False,False,False
20240419,2024-04-19,Friday,5,19,110,16,4,April,April 2024,2,2024,2024,1,FY24-Q1,False,False,,True,False,False,False,False
20240420,2024-04-20,Saturday,6,20,111,16,4,April,April 2024,2,2024,2024,1,FY24-Q1,True,False,,False,False,False,False,False
20240421,2024-04-21,Sunday,7,21,112,16,4,April,April 2024,2,2024,2024,1,FY24-Q1,True,False,,False,False,False,False,False
20240422,2024-04-22,Monday,1,22,113,17,4,April,April 2024,2,2024,2024,1,FY24-Q1,False,False,,True,False,False,False,False
20240423,2024-04-23,Tuesday,2,23,114,17,4,April,April 2024,2,2024,2024,1,FY24-Q1,False,False,,True,False,False,False,False
20240424,2024-04-24,Wednesday,3,24,115,17,4,April,April 2024,2,2024,2024,1,FY24-Q1,False,False,,True,False,False,False,False
20240425,2024-04-25,Thursday,4,25,116,17,4,April,April 2024,2,2024,2024,1,FY24-Q1,False,False,,True,False,False,False,False
20240426,2024-04-26,Friday,5,26,117,17,4,April,April 2024,2,2024,2024,1,FY24-Q1,False,False,,True,False,False,False,False
20240427,2024-04-27,Saturday,6,27,118,17,4,April,April 2024,2,2024,2024,1,FY24-Q1,True,True,Freedom Day,False,False,False,False,False
20240428,2024-04-28,Sunday,7,28,119,17,4,April,April 2024,2,2024,2024,1,FY24-Q1,True,False,,False,False,False,False,False
20240429,2024-04-29,Monday,1,29,120,18,4,April,April 2024,2,2024,2024,1,FY24-Q1,False,False,,True,False,False,False,False
20240430,2024-04-30,Tuesday,2,30,121,18,4,April,April 2024,2,2024,2024,1,FY24-Q1,False,False,,True,True,False,False,False
20240501,2024-05-01,Wednesday,3,1,122,18,5,May,May 2024,2,2024,2024,1,FY24-Q1,False,True,Workers Day,False,False,False,False,False
20240502,2024-05-02,Thursday,4,2,123,18,5,May,May 2024,2,2024,2024,1,FY24-Q1,False,False,,True,False,False,False,False
20240503,2024-05-03,Friday,5,3,124,18,5,May,May 2024,2,2024,2024,1,FY24-Q1,False,False,,True,False,False,False,False
20240504,2024-05-04,Saturday,6,4,125,18,5,May,May 2024,2,2024,2024,1,FY24-Q1,True,False,,False,False,False,False,False
20240505,2024-05-05,Sunday,7,5,126,18,5,May,May 2024,2,2024,2024,1,FY24-Q1,True,False,,False,False,False,False,False
20240506,2024-05-06,Monday,1,6,127,19,5,May,May 2024,2,2024,2024,1,FY24-Q1,False,False,,True,False,False,False,False
20240507,2024-05-07,Tuesday,2,7,128,19,5,May,May 2024,2,2024,2024,1,FY24-Q1,False,False,,True,False,False,False,False
20240508,2024-05-08,Wednesday,3,8,129,19,5,May,May 2024,2,2024,2024,1,FY24-Q1,False,False,,True,False,False,False,False
20240509,2024-05-09,Thursday,4,9,130,19,5,May,May 2024,2,2024,2024,1,FY24-Q1,False,False,,True,False,False,False,False
20240510,2024-05-10,Friday,5,10,131,19,5,May,May 2024,2,2024,2024,1,FY24-Q1,False,False,,True,False,False,False,False
20240511,2024-05-11,Saturday,6,11,132,19,5,May,May 2024,2,2024,2024,1,FY24-Q1,True,False,,False,False,False,False,False
20240512,2024-05-12,Sunday,7,12,133,19,5,May,May 2024,2,2024,2024,1,FY24-Q1,True,False,,False,False,False,False,False
20240513,2024-05-13,Monday,1,13,134,20,5,May,May 2024,2,2024,2024,1,FY24-Q1,False,False,,True,False,False,False,False
20240514,2024-05-14,Tuesday,2,14,135,20,5,May,May 2024,2,2024,2024,1,FY24-Q1,False,False,,True,False,False,False,False
20240515,2024-05-15,Wednesday,3,15,136,20,5,May,May 2024,2,2024,2024,1,FY24-Q1,False,False,,True,False,False,False,False
20240516,2024-05-16,Thursday,4,16,137,20,5,May,May 2024,2,2024,2024,1,FY24-Q1,False,False,,True,False,False,False,False
20240517,2024-05-17,Friday,5,17,138,20,5,May,May 2024,2,2024,2024,1,FY24-Q1,False,False,,True,False,False,False,False
20240518,2024-05-18,Saturday,6,18,139,20,5,May,May 2024,2,2024,2024,1,FY24-Q1,True,False,,False,False,False,False,False
20240519,2024-05-19,Sunday,7,19,140,20,5,May,May 2024,2,2024,2024,1,FY24-Q1,True,False,,False,False,False,False,False
20240520,2024-05-20,Monday,1,20,141,21,5,May,May 2024,2,2024,2024,1,FY24-Q1,False,False,,True,False,False,False,False
20240521,2024-05-21,Tuesday,2,21,142,21,5,May,May 2024,2,2024,2024,1,FY24-Q1,False,False,,True,False,False,False,False
20240522,2024-05-22,Wednesday,3,22,143,21,5,May,May 2024,2,2024,2024,1,FY24-Q1,False,False,,True,False,False,False,False
20240523,2024-05-23,Thursday,4,23,144,21,5,May,May 2024,2,2024,2024,1,FY24-Q1,False,False,,True,False,False,False,False
20240524,2024-05-24,Friday,5,24,145,21,5,May,May 2024,2,2024,2024,1,FY24-Q1,False,False,,True,False,False,False,False
20240525,2024-05-25,Saturday,6,25,146,21,5,May,May 2024,2,2024,2024,1,FY24-Q1,True,False,,False,False,False,False,False
20240526,2024-05-26,Sunday,7,26,147,21,5,May,May 2024,2,2024,2024,1,FY24-Q1,True,False,,False,False,False,False,False
20240527,2024-05-27,Monday,1,27,148,22,5,May,May 2024,2,2024,2024,1,FY24-Q1,False,False,,True,False,False,False,False
20240528,2024-05-28,Tuesday,2,28,149,22,5,May,May 2024,2,2024,2024,1,FY24-Q1,False,False,,True,False,False,False,False
20240529,2024-05-29,Wednesday,3,29,150,22,5,May,May 2024,2,2024,2024,1,FY24-Q1,False,False,,True,False,False,False,False
20240530,2024-05-30,Thursday,4,30,151,22,5,May,May 2024,2,2024,2024,1,FY24-Q1,False,False,,True,False,False,False,False
20240531,2024-05-31,Friday,5,31,152,22,5,May,May 2024,2,2024,2024,1,FY24-Q1,False,False,,True,True,False,False,False
20240601,2024-06-01,Saturday,6,1,153,22,6,June,June 2024,2,2024,2024,1,FY24-Q1,True,False,,False,False,False,False,False
20240602,2024-06-02,Sunday,7,2,154,22,6,June,June 2024,2,2024,2024,1,FY24-Q1,True,False,,False,False,False,False,False
20240603,2024-06-03,Monday,1,3,155,23,6,June,June 2024,2,2024,2024,1,FY24-Q1,False,False,,True,False,False,False,False
20240604,2024-06-04,Tuesday,2,4,156,23,6,June,June 2024,2,2024,2024,1,FY24-Q1,False,False,,True,False,False,False,False
20240605,2024-06-05,Wednesday,3,5,157,23,6,June,June 2024,2,2024,2024,1,FY24-Q1,False,False,,True,False,False,False,False
20240606,2024-06-06,Thursday,4,6,158,23,6,June,June 2024,2,2024,2024,1,FY24-Q1,False,False,,True,False,False,False,False
20240607,2024-06-07,Friday,5,7,159,23,6,June,June 2024,2,2024,2024,1,FY24-Q1,False,False,,True,False,False,False,False
20240608,2024-06-08,Saturday,6,8,160,23,6,June,June 2024,2,2024,2024,1,FY24-Q1,True,False,,False,False,False,False,False
20240609,2024-06-09,Sunday,7,9,161,23,6,June,June 2024,2,2024,2024,1,FY24-Q1,True,False,,False,False,False,False,False
20240610,2024-06-10,Monday,1,10,162,24,6,June,June 2024,2,2024,2024,1,FY24-Q1,False,False,,True,False,False,False,False
20240611,2024-06-11,Tuesday,2,11,163,24,6,June,June 2024,2,2024,2024,1,FY24-Q1,False,False,,True,False,False,False,False
20240612,2024-06-12,Wednesday,3,12,164,24,6,June,June 2024,2,2024,2024,1,FY24-Q1,False,False,,True,False,False,False,False
20240613,2024-06-13,Thursday,4,13,165,24,6,June,June 2024,2,2024,2024,1,FY24-Q1,False,False,,True,False,False,False,False
20240614,2024-06-14,Friday,5,14,166,24,6,June,June 2024,2,2024,2024,1,FY24-Q1,False,False,,True,False,False,False,False
20240615,2024-06-15,Saturday,6,15,167,24,6,June,June 2024,2,2024,2024,1,FY24-Q1,True,False,,False,False,False,False,False
20240616,2024-06-16,Sunday,7,16,168,24,6,June,June 2024,2,2024,2024,1,FY24-Q1,True,True,Youth Day,False,False,False,False,False
20240617,2024-06-17,Monday,1,17,169,25,6,June,June 2024,2,2024,2024,1,FY24-Q1,False,True,Youth Day (observed),False,False,False,False,False
20240618,2024-06-18,Tuesday,2,18,170,25,6,June,June 2024,2,2024,2024,1,FY24-Q1,False,False,,True,False,False,False,False
20240619,2024-06-19,Wednesday,3,19,171,25,6,June,June 2024,2,2024,2024,1,FY24-Q1,False,False,,True,False,False,False,False
20240620,2024-06-20,Thursday,4,20,172,25,6,June,June 2024,2,2024,2024,1,FY24-Q1,False,False,,True,False,False,False,False
20240621,2024-06-21,Friday,5,21,173,25,6,June,June 2024,2,2024,2024,1,FY24-Q1,False,False,,True,False,False,False,False
20240622,2024-06-22,Saturday,6,22,174,25,6,June,June 2024,2,2024,2024,1,FY24-Q1,True,False,,False,False,False,False,False
20240623,2024-06-23,Sunday,7,23,175,25,6,June,June 2024,2,2024,2024,1,FY24-Q1,True,False,,False,False,False,False,False
20240624,2024-06-24,Monday,1,24,176,26,6,June,June 2024,2,2024,2024,1,FY24-Q1,False,False,,True,False,False,False,False
20240625,2024-06-25,Tuesday,2,25,177,26,6,June,June 2024,2,2024,2024,1,FY24-Q1,False,False,,True,False,False,False,False
20240626,2024-06-26,Wednesday,3,26,178,26,6,June,June 2024,2,2024,2024,1,FY24-Q1,False,False,,True,False,False,False,False
20240627,2024-06-27,Thursday,4,27,179,26,6,June,June 2024,2,2024,2024,1,FY24-Q1,False,False,,True,False,False,False,False
20240628,2024-06-28,Friday,5,28,180,26,6,June,June 2024,2,2024,2024,1,FY24-Q1,False,False,,True,False,False,False,False
20240629,2024-06-29,Saturday,6,29,181,26,6,June,June 2024,2,2024,2024,1,FY24-Q1,True,False,,False,False,False,False,False
20240630,2024-06-30,Sunday,7,30,182,26,6,June,June 2024,2,2024,2024,1,FY24-Q1,True,False,,False,True,True,False,False
20240701,2024-07-01,Monday,1,1,183,27,7,July,July 2024,3,2024,2024,2,FY24-Q2,False,False,,True,False,False,False,False
20240702,2024-07-02,Tuesday,2,2,184,27,7,July,July 2024,3,2024,2024,2,FY24-Q2,False,False,,True,False,False,False,False
20240703,2024-07-03,Wednesday,3,3,185,27,7,July,July 2024,3,2024,2024,2,FY24-Q2,False,False,,True,False,False,False,False
20240704,2024-07-04,Thursday,4,4,186,27,7,July,July 2024,3,2024,2024,2,FY24-Q2,False,False,,True,False,False,False,False
20240705,2024-07-05,Friday,5,5,187,27,7,July,July 2024,3,2024,2024,2,FY24-Q2,False,False,,True,False,False,False,False
20240706,2024-07-06,Saturday,6,6,188,27,7,July,July 2024,3,2024,2024,2,FY24-Q2,True,False,,False,False,False,False,False
20240707,2024-07-07,Sunday,7,7,189,27,7,July,July 2024,3,2024,2024,2,FY24-Q2,True,False,,False,False,False,False,False
20240708,2024-07-08,Monday,1,8,190,28,7,July,July 2024,3,2024,2024,2,FY24-Q2,False,False,,True,False,False,False,False
20240709,2024-07-09,Tuesday,2,9,191,28,7,July,July 2024,3,2024,2024,2,FY24-Q2,False,False,,True,False,False,False,False
20240710,2024-07-10,Wednesday,3,10,192,28,7,July,July 2024,3,2024,2024,2,FY24-Q2,False,False,,True,False,False,False,False
20240711,2024-07-11,Thursday,4,11,193,28,7,July,July 2024,3,2024,2024,2,FY24-Q2,False,False,,True,False,False,False,False
20240712,2024-07-12,Friday,5,12,194,28,7,July,July 2024,3,2024,2024,2,FY24-Q2,False,False,,True,False,False,False,False
20240713,2024-07-13,Saturday,6,13,195,28,7,July,July 2024,3,2024,2024,2,FY24-Q2,True,False,,False,False,False,False,False
20240714,2024-07-14,Sunday,7,14,196,28,7,July,July 2024,3,2024,2024,2,FY24-Q2,True,False,,False,False,False,False,False
20240715,2024-07-15,Monday,1,15,197,29,7,July,July 2024,3,2024,2024,2,FY24-Q2,False,False,,True,False,False,False,False
20240716,2024-07-16,Tuesday,2,16,198,29,7,July,July 2024,3,2024,2024,2,FY24-Q2,False,False,,True,False,False,False,False
20240717,2024-07-17,Wednesday,3,17,199,29,7,July,July 2024,3,2024,2024,2,FY24-Q2,False,False,,True,False,False,False,False
20240718,2024-07-18,Thursday,4,18,200,29,7,July,July 2024,3,2024,2024,2,FY24-Q2,False,False,,True,False,False,False,False
20240719,2024-07-19,Friday,5,19,201,29,7,July,July 2024,3,2024,2024,2,FY24-Q2,False,False,,True,False,False,False,False
20240720,2024-07-20,Saturday,6,20,202,29,7,July,July 2024,3,2024,2024,2,FY24-Q2,True,False,,False,False,False,False,False
20240721,2024-07-21,Sunday,7,21,203,29,7,July,July 2024,3,2024,2024,2,FY24-Q2,True,False,,False,False,False,False,False
20240722,2024-07-22,Monday,1,22,204,30,7,July,July 2024,3,2024,2024,2,FY24-Q2,False,False,,True,False,False,False,False
20240723,2024-07-23,Tuesday,2,23,205,30,7,July,July 2024,3,2024,2024,2,FY24-Q2,False,False,,True,False,False,False,False
20240724,2024-07-24,Wednesday,3,24,206,30,7,July,July 2024,3,2024,2024,2,FY24-Q2,False,False,,True,False,False,False,False
20240725,2024-07-25,Thursday,4,25,207,30,7,July,July 2024,3,2024,2024,2,FY24-Q2,False,False,,True,False,False,False,False
20240726,2024-07-26,Friday,5,26,208,30,7,July,July 2024,3,2024,2024,2,FY24-Q2,False,False,,True,False,False,False,False
20240727,2024-07-27,Saturday,6,27,209,30,7,July,July 2024,3,2024,2024,2,FY24-Q2,True,False,,False,False,False,False,False
20240728,2024-07-28,Sunday,7,28,210,30,7,July,July 2024,3,2024,2024,2,FY24-Q2,True,False,,False,False,False,False,False
20240729,2024-07-29,Monday,1,29,211,31,7,July,July 2024,3,2024,2024,2,FY24-Q2,False,False,,True,False,False,False,False
20240730,2024-07-30,Tuesday,2,30,212,31,7,July,July 2024,3,2024,2024,2,FY24-Q2,False,False,,True,False,False,False,False
20240731,2024-07-31,Wednesday,3,31,213,31,7,July,July 2024,3,2024,2024,2,FY24-Q2,False,False,,True,True,False,False,False
20240801,2024-08-01,Thursday,4,1,214,31,8,August,August 2024,3,2024,2024,2,FY24-Q2,False,False,,True,False,False,False,False
20240802,2024-08-02,Friday,5,2,215,31,8,August,August 2024,3,2024,2024,2,FY24-Q2,False,False,,True,False,False,False,False
20240803,2024-08-03,Saturday,6,3,216,31,8,August,August 2024,3,2024,2024,2,FY24-Q2,True,False,,False,False,False,False,False
20240804,2024-08-04,Sunday,7,4,217,31,8,August,August 2024,3,2024,2024,2,FY24-Q2,True,False,,False,False,False,False,False
20240805,2024-08-05,Monday,1,5,218,32,8,August,August 2024,3,2024,2024,2,FY24-Q2,False,False,,True,False,False,False,False
20240806,2024-08-06,Tuesday,2,6,219,32,8,August,August 2024,3,2024,2024,2,FY24-Q2,False,False,,True,False,False,False,False
20240807,2024-08-07,Wednesday,3,7,220,32,8,August,August 2024,3,2024,2024,2,FY24-Q2,False,False,,True,False,False,False,False
20240808,2024-08-08,Thursday,4,8,221,32,8,August,August 2024,3,2024,2024,2,FY24-Q2,False,False,,True,False,False,False,False
20240809,2024-08-09,Friday,5,9,222,32,8,August,August 2024,3,2024,2024,2,FY24-Q2,False,True,National Women's Day,False,False,False,False,False
20240810,2024-08-10,Saturday,6,10,223,32,8,August,August 2024,3,2024,2024,2,FY24-Q2,True,False,,False,False,False,False,False
20240811,2024-08-11,Sunday,7,11,224,32,8,August,August 2024,3,2024,2024,2,FY24-Q2,True,False,,False,False,False,False,False
20240812,2024-08-12,Monday,1,12,225,33,8,August,August 2024,3,2024,2024,2,FY24-Q2,False,False,,True,False,False,False,False
20240813,2024-08-13,Tuesday,2,13,226,33,8,August,August 2024,3,2024,2024,2,FY24-Q2,False,False,,True,False,False,False,False
20240814,2024-08-14,Wednesday,3,14,227,33,8,August,August 2024,3,2024,2024,2,FY24-Q2,False,False,,True,False,False,False,False
20240815,2024-08-15,Thursday,4,15,228,33,8,August,August 2024,3,2024,2024,2,FY24-Q2,False,False,,True,False,False,False,False
20240816,2024-08-16,Friday,5,16,229,33,8,August,August 2024,3,2024,2024,2,FY24-Q2,False,False,,True,False,False,False,False
20240817,2024-08-17,Saturday,6,17,230,33,8,August,August 2024,3,2024,2024,2,FY24-Q2,True,False,,False,False,False,False,False
20240818,2024-08-18,Sunday,7,18,231,33,8,August,August 2024,3,2024,2024,2,FY24-Q2,True,False,,False,False,False,False,False
20240819,2024-08-19,Monday,1,19,232,34,8,August,August 2024,3,2024,2024,2,FY24-Q2,False,False,,True,False,False,False,False
20240820,2024-08-20,Tuesday,2,20,233,34,8,August,August 2024,3,2024,2024,2,FY24-Q2,False,False,,True,False,False,False,False
20240821,2024-08-21,Wednesday,3,21,234,34,8,August,August 2024,3,2024,2024,2,FY24-Q2,False,False,,True,False,False,False,False
20240822,2024-08-22,Thursday,4,22,235,34,8,August,August 2024,3,2024,2024,2,FY24-Q2,False,False,,True,False,False,False,False
20240823,2024-08-23,Friday,5,23,236,34,8,August,August 2024,3,2024,2024,2,FY24-Q2,False,False,,True,False,False,False,False
20240824,2024-08-24,Saturday,6,24,237,34,8,August,August 2024,3,2024,2024,2,FY24-Q2,True,False,,False,False,False,False,False
20240825,2024-08-25,Sunday,7,25,238,34,8,August,August 2024,3,2024,2024,2,FY24-Q2,True,False,,False,False,False,False,False
20240826,2024-08-26,Monday,1,26,239,35,8,August,August 2024,3,2024,2024,2,FY24-Q2,False,False,,True,False,False,False,False
20240827,2024-08-27,Tuesday,2,27,240,35,8,August,August 2024,3,2024,2024,2,FY24-Q2,False,False,,True,False,False,False,False
20240828,2024-08-28,Wednesday,3,28,241,35,8,August,August 2024,3,2024,2024,2,FY24-Q2,False,False,,True,False,False,False,False
20240829,2024-08-29,Thursday,4,29,242,35,8,August,August 2024,3,2024,2024,2,FY24-Q2,False,False,,True,False,False,False,False
20240830,2024-08-30,Friday,5,30,243,35,8,August,August 2024,3,2024,2024,2,FY24-Q2,False,False,,True,False,False,False,False
20240831,2024-08-31,Saturday,6,31,244,35,8,August,August 2024,3,2024,2024,2,FY24-Q2,True,False,,False,True,False,False,False
20240901,2024-09-01,Sunday,7,1,245,35,9,September,September 2024,3,2024,2024,2,FY24-Q2,True,False,,False,False,False,False,False
20240902,2024-09-02,Monday,1,2,246,36,9,September,September 2024,3,2024,2024,2,FY24-Q2,False,False,,True,False,False,False,False
20240903,2024-09-03,Tuesday,2,3,247,36,9,September,September 2024,3,2024,2024,2,FY24-Q2,False,False,,True,False,False,False,False
20240904,2024-09-04,Wednesday,3,4,248,36,9,September,September 2024,3,2024,2024,2,FY24-Q2,False,False,,True,False,False,False,False
20240905,2024-09-05,Thursday,4,5,249,36,9,September,September 2024,3,2024,2024,2,FY24-Q2,False,False,,True,False,False,False,False
20240906,2024-09-06,Friday,5,6,250,36,9,September,September 2024,3,2024,2024,2,FY24-Q2,False,False,,True,False,False,False,False
20240907,2024-09-07,Saturday,6,7,251,36,9,September,September 2024,3,2024,2024,2,FY24-Q2,True,False,,False,False,False,False,False
20240908,2024-09-08,Sunday,7,8,252,36,9,September,September 2024,3,2024,2024,2,FY24-Q2,True,False,,False,False,False,False,False
20240909,2024-09-09,Monday,1,9,253,37,9,September,September 2024,3,2024,2024,2,FY24-Q2,False,False,,True,False,False,False,False
20240910,2024-09-10,Tuesday,2,10,254,37,9,September,September 2024,3,2024,2024,2,FY24-Q2,False,False,,True,False,False,False,False
20240911,2024-09-11,Wednesday,3,11,255,37,9,September,September 2024,3,2024,2024,2,FY24-Q2,False,False,,True,False,False,False,False
20240912,2024-09-12,Thursday,4,12,256,37,9,September,September 2024,3,2024,2024,2,FY24-Q2,False,False,,True,False,False,False,False
20240913,2024-09-13,Friday,5,13,257,37,9,September,September 2024,3,2024,2024,2,FY24-Q2,False,False,,True,False,False,False,False
20240914,2024-09-14,Saturday,6,14,258,37,9,September,September 2024,3,2024,2024,2,FY24-Q2,True,False,,False,False,False,False,False
20240915,2024-09-15,Sunday,7,15,259,37,9,September,September 2024,3,2024,2024,2,FY24-Q2,True,False,,False,False,False,False,False
20240916,2024-09-16,Monday,1,16,260,38,9,September,September 2024,3,2024,2024,2,FY24-Q2,False,False,,True,False,False,False,False
20240917,2024-09-17,Tuesday,2,17,261,38,9,September,September 2024,3,2024,2024,2,FY24-Q2,False,False,,True,False,False,False,False
20240918,2024-09-18,Wednesday,3,18,262,38,9,September,September 2024,3,2024,2024,2,FY24-Q2,False,False,,True,False,False,False,False
20240919,2024-09-19,Thursday,4,19,263,38,9,September,September 2024,3,2024,2024,2,FY24-Q2,False,False,,True,False,False,False,False
20240920,2024-09-20,Friday,5,20,264,38,9,September,September 2024,3,2024,2024,2,FY24-Q2,False,False,,True,False,False,False,False
20240921,2024-09-21,Saturday,6,21,265,38,9,September,September 2024,3,2024,2024,2,FY24-Q2,True,False,,False,False,False,False,False
20240922,2024-09-22,Sunday,7,22,266,38,9,September,September 2024,3,2024,2024,2,FY24-Q2,True,False,,False,False,False,False,False
20240923,2024-09-23,Monday,1,23,267,39,9,September,September 2024,3,2024,2024,2,FY24-Q2,False,False,,True,False,False,False,False
20240924,2024-09-24,Tuesday,2,24,268,39,9,September,September 2024,3,2024,2024,2,FY24-Q2,False,True,Heritage Day,False,False,False,False,False
20240925,2024-09-25,Wednesday,3,25,269,39,9,September,September 2024,3,2024,2024,2,FY24-Q2,False,False,,True,False,False,False,False
20240926,2024-09-26,Thursday,4,26,270,39,9,September,September 2024,3,2024,2024,2,FY24-Q2,False,False,,True,False,False,False,False
20240927,2024-09-27,Friday,5,27,271,39,9,September,September 2024,3,2024,2024,2,FY24-Q2,False,False,,True,False,False,False,False
20240928,2024-09-28,Saturday,6,28,272,39,9,September,September 2024,3,2024,2024,2,FY24-Q2,True,False,,False,False,False,False,False
20240929,2024-09-29,Sunday,7,29,273,39,9,September,September 2024,3,2024,2024,2,FY24-Q2,True,False,,False,False,False,False,False
20240930,2024-09-30,Monday,1,30,274,40,9,September,September 2024,3,2024,2024,2,FY24-Q2,False,False,,True,True,True,False,False
20241001,2024-10-01,Tuesday,2,1,275,40,10,October,October 2024,4,2024,2024,3,FY24-Q3,False,False,,True,False,False,False,False
20241002,2024-10-02,Wednesday,3,2,276,40,10,October,October 2024,4,2024,2024,3,FY24-Q3,False,False,,True,False,False,False,False
20241003,2024-10-03,Thursday,4,3,277,40,10,October,October 2024,4,2024,2024,3,FY24-Q3,False,False,,True,False,False,False,False
20241004,2024-10-04,Friday,5,4,278,40,10,October,October 2024,4,2024,2024,3,FY24-Q3,False,False,,True,False,False,False,False
20241005,2024-10-05,Saturday,6,5,279,40,10,October,October 2024,4,2024,2024,3,FY24-Q3,True,False,,False,False,False,False,False
20241006,2024-10-06,Sunday,7,6,280,40,10,October,October 2024,4,2024,2024,3,FY24-Q3,True,False,,False,False,False,False,False
20241007,2024-10-07,Monday,1,7,281,41,10,October,October 2024,4,2024,2024,3,FY24-Q3,False,False,,True,False,False,False,False
20241008,2024-10-08,Tuesday,2,8,282,41,10,October,October 2024,4,2024,2024,3,FY24-Q3,False,False,,True,False,False,False,False
20241009,2024-10-09,Wednesday,3,9,283,41,10,October,October 2024,4,2024,2024,3,FY24-Q3,False,False,,True,False,False,False,False
20241010,2024-10-10,Thursday,4,10,284,41,10,October,October 2024,4,2024,2024,3,FY24-Q3,False,False,,True,False,False,False,False
20241011,2024-10-11,Friday,5,11,285,41,10,October,October 2024,4,2024,2024,3,FY24-Q3,False,False,,True,False,False,False,False
20241012,2024-10-12,Saturday,6,12,286,41,10,October,October 2024,4,2024,2024,3,FY24-Q3,True,False,,False,False,False,False,False
20241013,2024-10-13,Sunday,7,13,287,41,10,October,October 2024,4,2024,2024,3,FY24-Q3,True,False,,False,False,False,False,False
20241014,2024-10-14,Monday,1,14,288,42,10,October,October 2024,4,2024,2024,3,FY24-Q3,False,False,,True,False,False,False,False
20241015,2024-10-15,Tuesday,2,15,289,42,10,October,October 2024,4,2024,2024,3,FY24-Q3,False,False,,True,False,False,False,False
20241016,2024-10-16,Wednesday,3,16,290,42,10,October,October 2024,4,2024,2024,3,FY24-Q3,False,False,,True,False,False,False,False
20241017,2024-10-17,Thursday,4,17,291,42,10,October,October 2024,4,2024,2024,3,FY24-Q3,False,False,,True,False,False,False,False
20241018,2024-10-18,Friday,5,18,292,42,10,October,October 2024,4,2024,2024,3,FY24-Q3,False,False,,True,False,False,False,False
20241019,2024-10-19,Saturday,6,19,293,42,10,October,October 2024,4,2024,2024,3,FY24-Q3,True,False,,False,False,False,False,False
20241020,2024-10-20,Sunday,7,20,294,42,10,October,October 2024,4,2024,2024,3,FY24-Q3,True,False,,False,False,False,False,False
20241021,2024-10-21,Monday,1,21,295,43,10,October,October 2024,4,2024,2024,3,FY24-Q3,False,False,,True,False,False,False,False
20241022,2024-10-22,Tuesday,2,22,296,43,10,October,October 2024,4,2024,2024,3,FY24-Q3,False,False,,True,False,False,False,False
20241023,2024-10-23,Wednesday,3,23,297,43,10,October,October 2024,4,2024,2024,3,FY24-Q3,False,False,,True,False,False,False,False
20241024,2024-10-24,Thursday,4,24,298,43,10,October,October 2024,4,2024,2024,3,FY24-Q3,False,False,,True,False,False,False,False
20241025,2024-10-25,Friday,5,25,299,43,10,October,October 2024,4,2024,2024,3,FY24-Q3,False,False,,True,False,False,False,False
20241026,2024-10-26,Saturday,6,26,300,43,10,October,October 2024,4,2024,2024,3,FY24-Q3,True,False,,False,False,False,False,False
20241027,2024-10-27,Sunday,7,27,301,43,10,October,October 2024,4,2024,2024,3,FY24-Q3,True,False,,False,False,False,False,False
20241028,2024-10-28,Monday,1,28,302,44,10,October,October 2024,4,2024,2024,3,FY24-Q3,False,False,,True,False,False,False,False
20241029,2024-10-29,Tuesday,2,29,303,44,10,October,October 2024,4,2024,2024,3,FY24-Q3,False,False,,True,False,False,False,False
20241030,2024-10-30,Wednesday,3,30,304,44,10,October,October 2024,4,2024,2024,3,FY24-Q3,False,False,,True,False,False,False,False
20241031,2024-10-31,Thursday,4,31,305,44,10,October,October 2024,4,2024,2024,3,FY24-Q3,False,False,,True,True,False,False,False
20241101,2024-11-01,Friday,5,1,306,44,11,November,November 2024,4,2024,2024,3,FY24-Q3,False,False,,True,False,False,False,False
20241102,2024-11-02,Saturday,6,2,307,44,11,November,November 2024,4,2024,2024,3,FY24-Q3,True,False,,False,False,False,False,False
20241103,2024-11-03,Sunday,7,3,308,44,11,November,November 2024,4,2024,2024,3,FY24-Q3,True,False,,False,False,False,False,False
20241104,2024-11-04,Monday,1,4,309,45,11,November,November 2024,4,2024,2024,3,FY24-Q3,False,False,,True,False,False,False,False
20241105,2024-11-05,Tuesday,2,5,310,45,11,November,November 2024,4,2024,2024,3,FY24-Q3,False,False,,True,False,False,False,False
20241106,2024-11-06,Wednesday,3,6,311,45,11,November,November 2024,4,2024,2024,3,FY24-Q3,False,False,,True,False,False,False,False
20241107,2024-11-07,Thursday,4,7,312,45,11,November,November 2024,4,2024,2024,3,FY24-Q3,False,False,,True,False,False,False,False
20241108,2024-11-08,Friday,5,8,313,45,11,November,November 2024,4,2024,2024,3,FY24-Q3,False,False,,True,False,False,False,False
20241109,2024-11-09,Saturday,6,9,314,45,11,November,November 2024,4,2024,2024,3,FY24-Q3,True,False,,False,False,False,False,False
20241110,2024-11-10,Sunday,7,10,315,45,11,November,November 2024,4,2024,2024,3,FY24-Q3,True,False,,False,False,False,False,False
20241111,2024-11-11,Monday,1,11,316,46,11,November,November 2024,4,2024,2024,3,FY24-Q3,False,False,,True,False,False,False,False
20241112,2024-11-12,Tuesday,2,12,317,46,11,November,November 2024,4,2024,2024,3,FY24-Q3,False,False,,True,False,False,False,False
20241113,2024-11-13,Wednesday,3,13,318,46,11,November,November 2024,4,2024,2024,3,FY24-Q3,False,False,,True,False,False,False,False
20241114,2024-11-14,Thursday,4,14,319,46,11,November,November 2024,4,2024,2024,3,FY24-Q3,False,False,,True,False,False,False,False
20241115,2024-11-15,Friday,5,15,320,46,11,November,November 2024,4,2024,2024,3,FY24-Q3,False,False,,True,False,False,False,False
20241116,2024-11-16,Saturday,6,16,321,46,11,November,November 2024,4,2024,2024,3,FY24-Q3,True,False,,False,False,False,False,False
20241117,2024-11-17,Sunday,7,17,322,46,11,November,November 2024,4,2024,2024,3,FY24-Q3,True,False,,False,False,False,False,False
20241118,2024-11-18,Monday,1,18,323,47,11,November,November 2024,4,2024,2024,3,FY24-Q3,False,False,,True,False,False,False,False
20241119,2024-11-19,Tuesday,2,19,324,47,11,November,November 2024,4,2024,2024,3,FY24-Q3,False,False,,True,False,False,False,False
20241120,2024-11-20,Wednesday,3,20,325,47,11,November,November 2024,4,2024,2024,3,FY24-Q3,False,False,,True,False,False,False,False
20241121,2024-11-21,Thursday,4,21,326,47,11,November,November 2024,4,2024,2024,3,FY24-Q3,False,False,,True,False,False,False,False
20241122,2024-11-22,Friday,5,22,327,47,11,November,November 2024,4,2024,2024,3,FY24-Q3,False,False,,True,False,False,False,False
20241123,2024-11-23,Saturday,6,23,328,47,11,November,November 2024,4,2024,2024,3,FY24-Q3,True,False,,False,False,False,False,False
20241124,2024-11-24,Sunday,7,24,329,47,11,November,November 2024,4,2024,2024,3,FY24-Q3,True,False,,False,False,False,False,False
20241125,2024-11-25,Monday,1,25,330,48,11,November,November 2024,4,2024,2024,3,FY24-Q3,False,False,,True,False,False,False,False
20241126,2024-11-26,Tuesday,2,26,331,48,11,November,November 2024,4,2024,2024,3,FY24-Q3,False,False,,True,False,False,False,False
20241127,2024-11-27,Wednesday,3,27,332,48,11,November,November 2024,4,2024,2024,3,FY24-Q3,False,False,,True,False,False,False,False
20241128,2024-11-28,Thursday,4,28,333,48,11,November,November 2024,4,2024,2024,3,FY24-Q3,False,False,,True,False,False,False,False
20241129,2024-11-29,Friday,5,29,334,48,11,November,November 2024,4,2024,2024,3,FY24-Q3,False,False,,True,False,False,False,False
20241130,2024-11-30,Saturday,6,30,335,48,11,November,November 2024,4,2024,2024,3,FY24-Q3,True,False,,False,True,False,False,False
20241201,2024-12-01,Sunday,7,1,336,48,12,December,December 2024,4,2024,2024,3,FY24-Q3,True,False,,False,False,False,False,False
20241202,2024-12-02,Monday,1,2,337,49,12,December,December 2024,4,2024,2024,3,FY24-Q3,False,False,,True,False,False,False,False
20241203,2024-12-03,Tuesday,2,3,338,49,12,December,December 2024,4,2024,2024,3,FY24-Q3,False,False,,True,False,False,False,False
20241204,2024-12-04,Wednesday,3,4,339,49,12,December,December 2024,4,2024,2024,3,FY24-Q3,False,False,,True,False,False,False,False
20241205,2024-12-05,Thursday,4,5,340,49,12,December,December 2024,4,2024,2024,3,FY24-Q3,False,False,,True,False,False,False,False
20241206,2024-12-06,Friday,5,6,341,49,12,December,December 2024,4,2024,2024,3,FY24-Q3,False,False,,True,False,False,False,False
20241207,2024-12-07,Saturday,6,7,342,49,12,December,December 2024,4,2024,2024,3,FY24-Q3,True,False,,False,False,False,False,False
20241208,2024-12-08,Sunday,7,8,343,49,12,December,December 2024,4,2024,2024,3,FY24-Q3,True,False,,False,False,False,False,False
20241209,2024-12-09,Monday,1,9,344,50,12,December,December 2024,4,2024,2024,3,FY24-Q3,False,False,,True,False,False,False,False
20241210,2024-12-10,Tuesday,2,10,345,50,12,December,December 2024,4,2024,2024,3,FY24-Q3,False,False,,True,False,False,False,False
20241211,2024-12-11,Wednesday,3,11,346,50,12,December,December 2024,4,2024,2024,3,FY24-Q3,False,False,,True,False,False,False,False
20241212,2024-12-12,Thursday,4,12,347,50,12,December,December 2024,4,2024,2024,3,FY24-Q3,False,False,,True,False,False,False,False
20241213,2024-12-13,Friday,5,13,348,50,12,December,December 2024,4,2024,2024,3,FY24-Q3,False,False,,True,False,False,False,False
20241214,2024-12-14,Saturday,6,14,349,50,12,December,December 2024,4,2024,2024,3,FY24-Q3,True,False,,False,False,False,False,False
20241215,2024-12-15,Sunday,7,15,350,50,12,December,December 2024,4,2024,2024,3,FY24-Q3,True,False,,False,False,False,False,False
20241216,2024-12-16,Monday,1,16,351,51,12,December,December 2024,4,2024,2024,3,FY24-Q3,False,True,Day of Reconciliation,False,False,False,False,False
20241217,2024-12-17,Tuesday,2,17,352,51,12,December,December 2024,4,2024,2024,3,FY24-Q3,False,False,,True,False,False,False,False
20241218,2024-12-18,Wednesday,3,18,353,51,12,December,December 2024,4,2024,2024,3,FY24-Q3,False,False,,True,False,False,False,False
20241219,2024-12-19,Thursday,4,19,354,51,12,December,December 2024,4,2024,2024,3,FY24-Q3,False,False,,True,False,False,False,False
20241220,2024-12-20,Friday,5,20,355,51,12,December,December 2024,4,2024,2024,3,FY24-Q3,False,False,,True,False,False,False,False
20241221,2024-12-21,Saturday,6,21,356,51,12,December,December 2024,4,2024,2024,3,FY24-Q3,True,False,,False,False,False,False,False
20241222,2024-12-22,Sunday,7,22,357,51,12,December,December 2024,4,2024,2024,3,FY24-Q3,True,False,,False,False,False,False,False
20241223,2024-12-23,Monday,1,23,358,52,12,December,December 2024,4,2024,2024,3,FY24-Q3,False,False,,True,False,False,False,False
20241224,2024-12-24,Tuesday,2,24,359,52,12,December,December 2024,4,2024,2024,3,FY24-Q3,False,False,,True,False,False,False,False
20241225,2024-12-25,Wednesday,3,25,360,52,12,December,December 2024,4,2024,2024,3,FY24-Q3,False,True,Christmas Day,False,False,False,False,False
20241226,2024-12-26,Thursday,4,26,361,52,12,December,December 2024,4,2024,2024,3,FY24-Q3,False,True,Day of Goodwill,False,False,False,False,False
20241227,2024-12-27,Friday,5,27,362,52,12,December,December 2024,4,2024,2024,3,FY24-Q3,False,False,,True,False,False,False,False
20241228,2024-12-28,Saturday,6,28,363,52,12,December,December 2024,4,2024,2024,3,FY24-Q3,True,False,,False,False,False,False,False
20241229,2024-12-29,Sunday,7,29,364,52,12,December,December 2024,4,2024,2024,3,FY24-Q3,True,False,,False,False,False,False,False
20241230,2024-12-30,Monday,1,30,365,1,12,December,December 2024,4,2024,2024,3,FY24-Q3,False,False,,True,False,False,False,False
20241231,2024-12-31,Tuesday,2,31,366,1,12,December,December 2024,4,2024,2024,3,FY24-Q3,False,False,,True,True,True,True,False
